{
    "name": "root",
    "gauges": {
        "MoveAgent.Policy.Entropy.mean": {
            "value": 2.7435672283172607,
            "min": 2.7435672283172607,
            "max": 2.9903719425201416,
            "count": 30
        },
        "MoveAgent.Policy.Entropy.sum": {
            "value": 137164.640625,
            "min": 59915.234375,
            "max": 149862.484375,
            "count": 30
        },
        "MoveAgent.Environment.EpisodeLength.mean": {
            "value": 43.851121076233184,
            "min": 43.12268314210062,
            "max": 47.393030009680544,
            "count": 30
        },
        "MoveAgent.Environment.EpisodeLength.sum": {
            "value": 48894.0,
            "min": 19364.0,
            "max": 49012.0,
            "count": 30
        },
        "MoveAgent.Step.mean": {
            "value": 7499980.0,
            "min": 6049967.0,
            "max": 7499980.0,
            "count": 30
        },
        "MoveAgent.Step.sum": {
            "value": 7499980.0,
            "min": 6049967.0,
            "max": 7499980.0,
            "count": 30
        },
        "MoveAgent.Policy.ExtrinsicValueEstimate.mean": {
            "value": 1.36723792552948,
            "min": 1.2934094667434692,
            "max": 1.4110627174377441,
            "count": 30
        },
        "MoveAgent.Policy.ExtrinsicValueEstimate.sum": {
            "value": 1603.77001953125,
            "min": 633.1071166992188,
            "max": 1652.3544921875,
            "count": 30
        },
        "MoveAgent.Environment.CumulativeReward.mean": {
            "value": 1.367763237969223,
            "min": 1.2324698241382461,
            "max": 1.3995292806193982,
            "count": 30
        },
        "MoveAgent.Environment.CumulativeReward.sum": {
            "value": 1525.0560103356838,
            "min": 533.2106659561396,
            "max": 1585.6666749417782,
            "count": 30
        },
        "MoveAgent.Policy.ExtrinsicReward.mean": {
            "value": 1.367763237969223,
            "min": 1.2324698241382461,
            "max": 1.3995292806193982,
            "count": 30
        },
        "MoveAgent.Policy.ExtrinsicReward.sum": {
            "value": 1525.0560103356838,
            "min": 533.2106659561396,
            "max": 1585.6666749417782,
            "count": 30
        },
        "MoveAgent.Losses.PolicyLoss.mean": {
            "value": 0.06573849808564268,
            "min": 0.06399151369746885,
            "max": 0.07070400976357405,
            "count": 30
        },
        "MoveAgent.Losses.PolicyLoss.sum": {
            "value": 1.5777239540554244,
            "min": 0.6045017969349828,
            "max": 1.7297792532175056,
            "count": 30
        },
        "MoveAgent.Losses.ValueLoss.mean": {
            "value": 0.005344659770546261,
            "min": 0.005344659770546261,
            "max": 0.014117067937958278,
            "count": 30
        },
        "MoveAgent.Losses.ValueLoss.sum": {
            "value": 0.12827183449311028,
            "min": 0.05543735773972003,
            "max": 0.33880963051099866,
            "count": 30
        },
        "MoveAgent.Policy.LearningRate.mean": {
            "value": 0.00018787942487353748,
            "min": 0.00018787942487353748,
            "max": 0.00020939006020332334,
            "count": 30
        },
        "MoveAgent.Policy.LearningRate.sum": {
            "value": 0.0045091061969649,
            "min": 0.00188451054182991,
            "max": 0.005109400336866819,
            "count": 30
        },
        "MoveAgent.Policy.Epsilon.mean": {
            "value": 0.1626264625,
            "min": 0.1626264625,
            "max": 0.16979667666666667,
            "count": 30
        },
        "MoveAgent.Policy.Epsilon.sum": {
            "value": 3.9030351000000003,
            "min": 1.5281700900000001,
            "max": 4.20313318,
            "count": 30
        },
        "MoveAgent.Policy.Beta.mean": {
            "value": 0.005,
            "min": 0.005,
            "max": 0.005,
            "count": 30
        },
        "MoveAgent.Policy.Beta.sum": {
            "value": 0.12,
            "min": 0.045,
            "max": 0.125,
            "count": 30
        },
        "MoveAgent.IsTraining.mean": {
            "value": 1.0,
            "min": 1.0,
            "max": 1.0,
            "count": 30
        },
        "MoveAgent.IsTraining.sum": {
            "value": 1.0,
            "min": 1.0,
            "max": 1.0,
            "count": 30
        }
    },
    "metadata": {
        "timer_format_version": "0.1.0",
        "start_time_seconds": "1653325519",
        "python_version": "3.8.10 (tags/v3.8.10:3d8993a, May  3 2021, 11:48:03) [MSC v.1928 64 bit (AMD64)]",
        "command_line_arguments": "C:\\Users\\Wessel\\Documents\\School\\Personal Portofolio\\AI\\ML_Agents_Testground\\venv\\Scripts\\mlagents-learn config/MoveAgent.yaml --run-id=MoveAgentV5 --resume",
        "mlagents_version": "0.28.0",
        "mlagents_envs_version": "0.28.0",
        "communication_protocol_version": "1.5.0",
        "pytorch_version": "1.7.1+cu110",
        "numpy_version": "1.22.2",
        "end_time_seconds": "1653326783"
    },
    "total": 1263.5525664,
    "count": 1,
    "self": 0.004824200000030032,
    "children": {
        "run_training.setup": {
            "total": 0.07346419999999987,
            "count": 1,
            "self": 0.07346419999999987
        },
        "TrainerController.start_learning": {
            "total": 1263.474278,
            "count": 1,
            "self": 1.6460084999982882,
            "children": {
                "TrainerController._reset_env": {
                    "total": 16.0009226,
                    "count": 1,
                    "self": 16.0009226
                },
                "TrainerController.advance": {
                    "total": 1245.7533354000016,
                    "count": 126177,
                    "self": 1.5087177999810137,
                    "children": {
                        "env_step": {
                            "total": 764.5924902999953,
                            "count": 126177,
                            "self": 496.84642360000214,
                            "children": {
                                "SubprocessEnvManager._take_step": {
                                    "total": 266.71953159999634,
                                    "count": 126177,
                                    "self": 4.2970583000162605,
                                    "children": {
                                        "TorchPolicy.evaluate": {
                                            "total": 262.4224732999801,
                                            "count": 100665,
                                            "self": 80.40157449997426,
                                            "children": {
                                                "TorchPolicy.sample_actions": {
                                                    "total": 182.02089880000582,
                                                    "count": 100665,
                                                    "self": 182.02089880000582
                                                }
                                            }
                                        }
                                    }
                                },
                                "workers": {
                                    "total": 1.0265350999968774,
                                    "count": 126176,
                                    "self": 0.0,
                                    "children": {
                                        "worker_root": {
                                            "total": 1245.9403963999869,
                                            "count": 126176,
                                            "is_parallel": true,