{
    "name": "root",
    "gauges": {
        "RaceAgent.Policy.Entropy.mean": {
            "value": 0.9713940024375916,
            "min": 0.9686065316200256,
            "max": 1.1757451295852661,
            "count": 27
        },
        "RaceAgent.Policy.Entropy.sum": {
            "value": 28597.83984375,
            "min": 21104.294921875,
            "max": 36026.9375,
            "count": 27
        },
        "RaceAgent.Step.mean": {
            "value": 7169889.0,
            "min": 6389960.0,
            "max": 7169889.0,
            "count": 27
        },
        "RaceAgent.Step.sum": {
            "value": 7169889.0,
            "min": 6389960.0,
            "max": 7169889.0,
            "count": 27
        },
        "RaceAgent.Policy.ExtrinsicValueEstimate.mean": {
            "value": 0.4436275064945221,
            "min": 0.3843408226966858,
            "max": 0.4475765526294708,
            "count": 27
        },
        "RaceAgent.Policy.ExtrinsicValueEstimate.sum": {
            "value": 103.808837890625,
            "min": 51.88601303100586,
            "max": 109.20867919921875,
            "count": 27
        },
        "RaceAgent.Policy.CuriosityValueEstimate.mean": {
            "value": 0.001417537103407085,
            "min": 0.0004130636225454509,
            "max": 0.001417537103407085,
            "count": 27
        },
        "RaceAgent.Policy.CuriosityValueEstimate.sum": {
            "value": 0.33170369267463684,
            "min": 0.09872220456600189,
            "max": 0.3343198001384735,
            "count": 27
        },
        "RaceAgent.Losses.PolicyLoss.mean": {
            "value": 0.06414695609171078,
            "min": 0.06414695609171078,
            "max": 0.0722539730447655,
            "count": 27
        },
        "RaceAgent.Losses.PolicyLoss.sum": {
            "value": 0.577322604825397,
            "min": 0.2700338467438188,
            "max": 0.6345119238748522,
            "count": 27
        },
        "RaceAgent.Losses.ValueLoss.mean": {
            "value": 9.812670611222379e-05,
            "min": 8.292810096008907e-05,
            "max": 0.00021328208698226565,
            "count": 27
        },
        "RaceAgent.Losses.ValueLoss.sum": {
            "value": 0.0008831403550100141,
            "min": 0.0006634248076807126,
            "max": 0.0012070020117082299,
            "count": 27
        },
        "RaceAgent.Policy.LearningRate.mean": {
            "value": 1.2844326334102782e-05,
            "min": 1.2844326334102782e-05,
            "max": 1.3617751911399997e-05,
            "count": 27
        },
        "RaceAgent.Policy.LearningRate.sum": {
            "value": 0.00011559893700692504,
            "min": 5.447100764559999e-05,
            "max": 0.00011586069369813502,
            "count": 27
        },
        "RaceAgent.Policy.Epsilon.mean": {
            "value": 0.16422145277777778,
            "min": 0.16422145277777778,
            "max": 0.1680886,
            "count": 27
        },
        "RaceAgent.Policy.Epsilon.sum": {
            "value": 1.477993075,
            "min": 0.6723544,
            "max": 1.479301865,
            "count": 27
        },
        "RaceAgent.Policy.Beta.mean": {
            "value": 0.006425723132500001,
            "min": 0.006425723132500001,
            "max": 0.006812051140000001,
            "count": 27
        },
        "RaceAgent.Policy.Beta.sum": {
            "value": 0.057831508192500006,
            "min": 0.027248204560000003,
            "max": 0.0579622563135,
            "count": 27
        },
        "RaceAgent.Losses.CuriosityForwardLoss.mean": {
            "value": 0.016328915740473578,
            "min": 0.013257611432153364,
            "max": 0.020125757488292748,
            "count": 27
        },
        "RaceAgent.Losses.CuriosityForwardLoss.sum": {
            "value": 0.1469602416642622,
            "min": 0.07930227265589768,
            "max": 0.16100605990634198,
            "count": 27
        },
        "RaceAgent.Losses.CuriosityInverseLoss.mean": {
            "value": 0.122465476861315,
            "min": 0.1020241239356498,
            "max": 0.12299072690722015,
            "count": 27
        },
        "RaceAgent.Losses.CuriosityInverseLoss.sum": {
            "value": 1.102189291751835,
            "min": 0.4589302715741925,
            "max": 1.102189291751835,
            "count": 27
        },
        "RaceAgent.IsTraining.mean": {
            "value": 1.0,
            "min": 1.0,
            "max": 1.0,
            "count": 27
        },
        "RaceAgent.IsTraining.sum": {
            "value": 1.0,
            "min": 1.0,
            "max": 1.0,
            "count": 27
        },
        "RaceAgent.Environment.EpisodeLength.mean": {
            "value": 4555.818181818182,
            "min": 4555.818181818182,
            "max": 7499.0,
            "count": 12
        },
        "RaceAgent.Environment.EpisodeLength.sum": {
            "value": 50114.0,
            "min": 49980.0,
            "max": 74990.0,
            "count": 12
        },
        "RaceAgent.Environment.CumulativeReward.mean": {
            "value": 20.580304925414648,
            "min": 20.580304925414648,
            "max": 33.61253914833069,
            "count": 15
        },
        "RaceAgent.Environment.CumulativeReward.sum": {
            "value": 226.38335417956114,
            "min": 130.99657234549522,
            "max": 336.1253914833069,
            "count": 15
        },
        "RaceAgent.Policy.ExtrinsicReward.mean": {
            "value": 20.580304925414648,
            "min": 20.580304925414648,
            "max": 33.61253914833069,
            "count": 15
        },
        "RaceAgent.Policy.ExtrinsicReward.sum": {
            "value": 226.38335417956114,
            "min": 130.99657234549522,
            "max": 336.1253914833069,
            "count": 15
        },
        "RaceAgent.Policy.CuriosityReward.mean": {
            "value": 0.3528459622717822,
            "min": 0.3528459622717822,
            "max": 0.7764719306724146,
            "count": 15
        },
        "RaceAgent.Policy.CuriosityReward.sum": {
            "value": 3.8813055849896045,
            "min": 2.4068839410319924,
            "max": 7.168329502688721,
            "count": 15
        }
    },
    "metadata": {
        "timer_format_version": "0.1.0",
        "start_time_seconds": "1654783238",
        "python_version": "3.8.10 (tags/v3.8.10:3d8993a, May  3 2021, 11:48:03) [MSC v.1928 64 bit (AMD64)]",
        "command_line_arguments": "C:\\Users\\Wessel\\Documents\\School\\Personal Portofolio\\AI\\ML_Agents_Testground\\venv\\Scripts\\mlagents-learn config/RaceAgentV3.yaml --run-id=RaceAgentV8 --resume",
        "mlagents_version": "0.28.0",
        "mlagents_envs_version": "0.28.0",
        "communication_protocol_version": "1.5.0",
        "pytorch_version": "1.7.1+cu110",
        "numpy_version": "1.22.2",
        "end_time_seconds": "1654784264"
    },
    "total": 1026.3649444,
    "count": 1,
    "self": 0.004501000000118438,
    "children": {
        "run_training.setup": {
            "total": 0.06884089999999998,
            "count": 1,
            "self": 0.06884089999999998
        },
        "TrainerController.start_learning": {
            "total": 1026.2916025,
            "count": 1,
            "self": 1.1207407999816041,
            "children": {
                "TrainerController._reset_env": {
                    "total": 4.7344971,
                    "count": 1,
                    "self": 4.7344971
                },
                "TrainerController.advance": {
                    "total": 1020.3828354000182,
                    "count": 79917,
                    "self": 1.0322873000386608,
                    "children": {
                        "env_step": {
                            "total": 594.1918187999846,
                            "count": 79917,