{
    "name": "root",
    "gauges": {
        "RaceAgent.Policy.Entropy.mean": {
            "value": 0.9505912065505981,
            "min": 0.9505912065505981,
            "max": 1.3410780429840088,
            "count": 29
        },
        "RaceAgent.Policy.Entropy.sum": {
            "value": 47833.75,
            "min": 47833.75,
            "max": 66213.5078125,
            "count": 29
        },
        "RaceAgent.Step.mean": {
            "value": 2199992.0,
            "min": 799960.0,
            "max": 2199992.0,
            "count": 29
        },
        "RaceAgent.Step.sum": {
            "value": 2199992.0,
            "min": 799960.0,
            "max": 2199992.0,
            "count": 29
        },
        "RaceAgent.Policy.ExtrinsicValueEstimate.mean": {
            "value": 0.4576669931411743,
            "min": 0.1311507374048233,
            "max": 0.47005295753479004,
            "count": 29
        },
        "RaceAgent.Policy.ExtrinsicValueEstimate.sum": {
            "value": 395.8819580078125,
            "min": 120.52752685546875,
            "max": 399.5167236328125,
            "count": 29
        },
        "RaceAgent.Environment.EpisodeLength.mean": {
            "value": 342.6808510638298,
            "min": 106.00258397932816,
            "max": 365.1111111111111,
            "count": 29
        },
        "RaceAgent.Environment.EpisodeLength.sum": {
            "value": 48318.0,
            "min": 41023.0,
            "max": 50983.0,
            "count": 29
        },
        "RaceAgent.Environment.CumulativeReward.mean": {
            "value": 2.014445027541237,
            "min": 0.46097797927461137,
            "max": 2.014445027541237,
            "count": 29
        },
        "RaceAgent.Environment.CumulativeReward.sum": {
            "value": 284.03674888331443,
            "min": 177.9375,
            "max": 286.90625,
            "count": 29
        },
        "RaceAgent.Policy.ExtrinsicReward.mean": {
            "value": 2.014445027541237,
            "min": 0.46097797927461137,
            "max": 2.014445027541237,
            "count": 29
        },
        "RaceAgent.Policy.ExtrinsicReward.sum": {
            "value": 284.03674888331443,
            "min": 177.9375,
            "max": 286.90625,
            "count": 29
        },
        "RaceAgent.Losses.PolicyLoss.mean": {
            "value": 0.04872903406625454,
            "min": 0.04658382931620508,
            "max": 0.05375122985278722,
            "count": 29
        },
        "RaceAgent.Losses.PolicyLoss.sum": {
            "value": 0.2436451703312727,
            "min": 0.18775635773963587,
            "max": 0.26046936389466285,
            "count": 29
        },
        "RaceAgent.Losses.ValueLoss.mean": {
            "value": 0.00949234964647552,
            "min": 0.00012559336343353304,
            "max": 0.01170402529106165,
            "count": 29
        },
        "RaceAgent.Losses.ValueLoss.sum": {
            "value": 0.0474617482323776,
            "min": 0.0005023734537341322,
            "max": 0.05852012645530825,
            "count": 29
        },
        "RaceAgent.Policy.LearningRate.mean": {
            "value": 0.0002673518388827239,
            "min": 0.0002673518388827239,
            "max": 0.0002882406901697712,
            "count": 29
        },
        "RaceAgent.Policy.LearningRate.sum": {
            "value": 0.0013367591944136196,
            "min": 0.00108145740951421,
            "max": 0.0014346480217840001,
            "count": 29
        },
        "RaceAgent.Policy.Epsilon.mean": {
            "value": 0.189117276,
            "min": 0.189117276,
            "max": 0.19608022875,
            "count": 29
        },
        "RaceAgent.Policy.Epsilon.sum": {
            "value": 0.94558638,
            "min": 0.76048579,
            "max": 0.978216,
            "count": 29
        },
        "RaceAgent.Policy.Beta.mean": {
            "value": 0.0005000000000000002,
            "min": 0.0005000000000000002,
            "max": 0.0005000000000000002,
            "count": 29
        },
        "RaceAgent.Policy.Beta.sum": {
            "value": 0.0025000000000000014,
            "min": 0.002000000000000001,
            "max": 0.0025000000000000014,
            "count": 29
        },
        "RaceAgent.IsTraining.mean": {
            "value": 1.0,
            "min": 1.0,
            "max": 1.0,
            "count": 29
        },
        "RaceAgent.IsTraining.sum": {
            "value": 1.0,
            "min": 1.0,
            "max": 1.0,
            "count": 29
        }
    },
    "metadata": {
        "timer_format_version": "0.1.0",
        "start_time_seconds": "1654011945",
        "python_version": "3.8.10 (tags/v3.8.10:3d8993a, May  3 2021, 11:48:03) [MSC v.1928 64 bit (AMD64)]",
        "command_line_arguments": "C:\\Users\\Wessel\\Documents\\School\\Personal Portofolio\\AI\\ML_Agents_Testground\\venv\\Scripts\\mlagents-learn config/RaceAgent.yaml --run-id=RaceAgentV4 --resume",
        "mlagents_version": "0.28.0",
        "mlagents_envs_version": "0.28.0",
        "communication_protocol_version": "1.5.0",
        "pytorch_version": "1.7.1+cu110",
        "numpy_version": "1.22.2",
        "end_time_seconds": "1654013412"
    },
    "total": 1467.7876684,
    "count": 1,
    "self": 10.004665999999816,
    "children": {
        "run_training.setup": {
            "total": 0.06906089999999998,
            "count": 1,
            "self": 0.06906089999999998
        },
        "TrainerController.start_learning": {
            "total": 1457.7139415000001,
            "count": 1,
            "self": 2.219427099994391,
            "children": {
                "TrainerController._reset_env": {
                    "total": 6.6261830999999995,
                    "count": 1,
                    "self": 6.6261830999999995
                },
                "TrainerController.advance": {
                    "total": 1448.8024715000058,
                    "count": 151859,
                    "self": 2.0815984000191747,
                    "children": {
                        "env_step": {
                            "total": 1030.2091688999794,
                            "count": 151859,
                            "self": 672.8277840999659,
                            "children": {
                                "SubprocessEnvManager._take_step": {
                                    "total": 355.9756409999907,
                                    "count": 151861,
                                    "self": 6.293676799972786,
                                    "children": {
                                        "TorchPolicy.evaluate": {
                                            "total": 349.6819642000179,
                                            "count": 148977,
                                            "self": 153.63164810001388,
                                            "children": {
                                                "TorchPolicy.sample_actions": {
                                                    "total": 196.050316100004,
                                                    "count": 148977,
                                                    "self": 196.050316100004
                                                }
                                            }
                                        }
                                    }
                                },
                                "workers": {
                                    "total": 1.405743800022817,
                                    "count": 151858,
                                    "self": 0.0,
                                    "children": {
                                        "worker_root": {
                                            "total": 1395.9540680000134,
                                            "count": 151858,
                                            "is_parallel": true,