{
    "name": "root",
    "gauges": {
        "RaceAgent.Policy.Entropy.mean": {
            "value": 0.0772140696644783,
            "min": 0.0772140696644783,
            "max": 0.08898771554231644,
            "count": 2
        },
        "RaceAgent.Policy.Entropy.sum": {
            "value": 3857.61474609375,
            "min": 3641.37744140625,
            "max": 3857.61474609375,
            "count": 2
        },
        "RaceAgent.Environment.EpisodeLength.mean": {
            "value": 60.843016069221264,
            "min": 60.843016069221264,
            "max": 61.04134762633997,
            "count": 2
        },
        "RaceAgent.Environment.EpisodeLength.sum": {
            "value": 49222.0,
            "min": 39860.0,
            "max": 49222.0,
            "count": 2
        },
        "RaceAgent.Step.mean": {
            "value": 5849981.0,
            "min": 5799950.0,
            "max": 5849981.0,
            "count": 2
        },
        "RaceAgent.Step.sum": {
            "value": 5849981.0,
            "min": 5799950.0,
            "max": 5849981.0,
            "count": 2
        },
        "RaceAgent.Policy.ExtrinsicValueEstimate.mean": {
            "value": -0.21269778907299042,
            "min": -0.21269778907299042,
            "max": 0.059613943099975586,
            "count": 2
        },
        "RaceAgent.Policy.ExtrinsicValueEstimate.sum": {
            "value": -174.19949340820312,
            "min": -174.19949340820312,
            "max": 38.987518310546875,
            "count": 2
        },
        "RaceAgent.Environment.CumulativeReward.mean": {
            "value": -0.2930785894246567,
            "min": -0.3045561179987218,
            "max": -0.2930785894246567,
            "count": 2
        },
        "RaceAgent.Environment.CumulativeReward.sum": {
            "value": -237.10057884454727,
            "min": -237.10057884454727,
            "max": -198.5705889351666,
            "count": 2
        },
        "RaceAgent.Policy.ExtrinsicReward.mean": {
            "value": -0.2930785894246567,
            "min": -0.3045561179987218,
            "max": -0.2930785894246567,
            "count": 2
        },
        "RaceAgent.Policy.ExtrinsicReward.sum": {
            "value": -237.10057884454727,
            "min": -237.10057884454727,
            "max": -198.5705889351666,
            "count": 2
        },
        "RaceAgent.Losses.PolicyLoss.mean": {
            "value": 0.048206368290229874,
            "min": 0.048206368290229874,
            "max": 0.051083962980384166,
            "count": 2
        },
        "RaceAgent.Losses.PolicyLoss.sum": {
            "value": 0.24103184145114936,
            "min": 0.1532518889411525,
            "max": 0.24103184145114936,
            "count": 2
        },
        "RaceAgent.Losses.ValueLoss.mean": {
            "value": 0.0005641075551587468,
            "min": 0.0005641075551587468,
            "max": 0.007796675647195015,
            "count": 2
        },
        "RaceAgent.Losses.ValueLoss.sum": {
            "value": 0.0028205377757937336,
            "min": 0.0028205377757937336,
            "max": 0.023390026941585044,
            "count": 2
        },
        "RaceAgent.Policy.LearningRate.mean": {
            "value": 0.00021268004310666201,
            "min": 0.00021268004310666201,
            "max": 0.00021329743890086334,
            "count": 2
        },
        "RaceAgent.Policy.LearningRate.sum": {
            "value": 0.00106340021553331,
            "min": 0.00063989231670259,
            "max": 0.00106340021553331,
            "count": 2
        },
        "RaceAgent.Policy.Epsilon.mean": {
            "value": 0.17089333800000003,
            "min": 0.17089333800000003,
            "max": 0.17109913666666665,
            "count": 2
        },
        "RaceAgent.Policy.Epsilon.sum": {
            "value": 0.8544666900000002,
            "min": 0.51329741,
            "max": 0.8544666900000002,
            "count": 2
        },
        "RaceAgent.Policy.Beta.mean": {
            "value": 0.0005000000000000002,
            "min": 0.0005000000000000002,
            "max": 0.0005000000000000002,
            "count": 2
        },
        "RaceAgent.Policy.Beta.sum": {
            "value": 0.0025000000000000014,
            "min": 0.0015000000000000007,
            "max": 0.0025000000000000014,
            "count": 2
        },
        "RaceAgent.IsTraining.mean": {
            "value": 1.0,
            "min": 1.0,
            "max": 1.0,
            "count": 2
        },
        "RaceAgent.IsTraining.sum": {
            "value": 1.0,
            "min": 1.0,
            "max": 1.0,
            "count": 2
        }
    },
    "metadata": {
        "timer_format_version": "0.1.0",
        "start_time_seconds": "1654018649",
        "python_version": "3.8.10 (tags/v3.8.10:3d8993a, May  3 2021, 11:48:03) [MSC v.1928 64 bit (AMD64)]",
        "command_line_arguments": "C:\\Users\\Wessel\\Documents\\School\\Personal Portofolio\\AI\\ML_Agents_Testground\\venv\\Scripts\\mlagents-learn config/RaceAgent.yaml --run-id=RaceAgentV4 --resume",
        "mlagents_version": "0.28.0",
        "mlagents_envs_version": "0.28.0",
        "communication_protocol_version": "1.5.0",
        "pytorch_version": "1.7.1+cu110",
        "numpy_version": "1.22.2",
        "end_time_seconds": "1654018771"
    },
    "total": 122.5875217,
    "count": 1,
    "self": 0.004714499999991517,
    "children": {
        "run_training.setup": {
            "total": 0.0705863000000001,
            "count": 1,
            "self": 0.0705863000000001
        },
        "TrainerController.start_learning": {
            "total": 122.5122209,
            "count": 1,
            "self": 0.185001400000246,
            "children": {
                "TrainerController._reset_env": {
                    "total": 15.6386482,
                    "count": 1,
                    "self": 15.6386482
                },
                "TrainerController.advance": {
                    "total": 106.60378949999976,
                    "count": 11894,
                    "self": 0.15853999999986002,
                    "children": {
                        "env_step": {
                            "total": 76.91929210000042,
                            "count": 11894,
                            "self": 48.60868059999871,
                            "children": {
                                "SubprocessEnvManager._take_step": {
                                    "total": 28.200866800000725,
                                    "count": 11894,
                                    "self": 0.4817095000007221,
                                    "children": {
                                        "TorchPolicy.evaluate": {
                                            "total": 27.719157300000003,
                                            "count": 11015,
                                            "self": 12.275752700000506,
                                            "children": {
                                                "TorchPolicy.sample_actions": {
                                                    "total": 15.443404599999496,
                                                    "count": 11015,
                                                    "self": 15.443404599999496
                                                }
                                            }
                                        }
                                    }
                                },
                                "workers": {
                                    "total": 0.1097447000009808,
                                    "count": 11893,
                                    "self": 0.0,
                                    "children": {
                                        "worker_root": {
                                            "total": 107.40500090000037,