{
    "name": "root",
    "gauges": {
        "RaceAgent.Policy.Entropy.mean": {
            "value": 0.9055037498474121,
            "min": 0.8523225784301758,
            "max": 1.0662753582000732,
            "count": 12
        },
        "RaceAgent.Policy.Entropy.sum": {
            "value": 45275.1875,
            "min": 34035.5078125,
            "max": 51718.62890625,
            "count": 12
        },
        "RaceAgent.Step.mean": {
            "value": 2099992.0,
            "min": 1549992.0,
            "max": 2099992.0,
            "count": 12
        },
        "RaceAgent.Step.sum": {
            "value": 2099992.0,
            "min": 1549992.0,
            "max": 2099992.0,
            "count": 12
        },
        "RaceAgent.Policy.ExtrinsicValueEstimate.mean": {
            "value": -0.016927160322666168,
            "min": -0.2507459223270416,
            "max": 0.2950562536716461,
            "count": 12
        },
        "RaceAgent.Policy.ExtrinsicValueEstimate.sum": {
            "value": -13.541728973388672,
            "min": -200.59674072265625,
            "max": 236.04501342773438,
            "count": 12
        },
        "RaceAgent.Environment.EpisodeLength.mean": {
            "value": 499.0,
            "min": 499.0,
            "max": 499.0,
            "count": 12
        },
        "RaceAgent.Environment.EpisodeLength.sum": {
            "value": 49900.0,
            "min": 29940.0,
            "max": 49900.0,
            "count": 12
        },
        "RaceAgent.Environment.CumulativeReward.mean": {
            "value": 0.31125,
            "min": 0.2759375,
            "max": 0.3125,
            "count": 12
        },
        "RaceAgent.Environment.CumulativeReward.sum": {
            "value": 31.125,
            "min": 18.75,
            "max": 31.21875,
            "count": 12
        },
        "RaceAgent.Policy.ExtrinsicReward.mean": {
            "value": 0.31125,
            "min": 0.2759375,
            "max": 0.3125,
            "count": 12
        },
        "RaceAgent.Policy.ExtrinsicReward.sum": {
            "value": 31.125,
            "min": 18.75,
            "max": 31.21875,
            "count": 12
        },
        "RaceAgent.Losses.PolicyLoss.mean": {
            "value": 0.052189505291992434,
            "min": 0.0479482019818918,
            "max": 0.052189505291992434,
            "count": 12
        },
        "RaceAgent.Losses.PolicyLoss.sum": {
            "value": 0.20875802116796974,
            "min": 0.10163717351012816,
            "max": 0.25505765646209133,
            "count": 12
        },
        "RaceAgent.Losses.ValueLoss.mean": {
            "value": 0.016085407223638354,
            "min": 0.002095884343228734,
            "max": 0.08397550765552503,
            "count": 12
        },
        "RaceAgent.Losses.ValueLoss.sum": {
            "value": 0.06434162889455342,
            "min": 0.010479421716143671,
            "max": 0.3359020306221001,
            "count": 12
        },
        "RaceAgent.Policy.LearningRate.mean": {
            "value": 0.00026885881038039996,
            "min": 0.00026885881038039996,
            "max": 0.0002769876076708,
            "count": 12
        },
        "RaceAgent.Policy.LearningRate.sum": {
            "value": 0.0010754352415215998,
            "min": 0.0005539752153416,
            "max": 0.0013821450392850002,
            "count": 12
        },
        "RaceAgent.Policy.Epsilon.mean": {
            "value": 0.18961959999999994,
            "min": 0.18961959999999994,
            "max": 0.1923292000000001,
            "count": 12
        },
        "RaceAgent.Policy.Epsilon.sum": {
            "value": 0.7584783999999998,
            "min": 0.3846584000000002,
            "max": 0.9607150000000003,
            "count": 12
        },
        "RaceAgent.Policy.Beta.mean": {
            "value": 0.0005000000000000002,
            "min": 0.0005000000000000002,
            "max": 0.0005000000000000002,
            "count": 12
        },
        "RaceAgent.Policy.Beta.sum": {
            "value": 0.002000000000000001,
            "min": 0.0010000000000000005,
            "max": 0.0025000000000000014,
            "count": 12
        },
        "RaceAgent.IsTraining.mean": {
            "value": 1.0,
            "min": 1.0,
            "max": 1.0,
            "count": 12
        },
        "RaceAgent.IsTraining.sum": {
            "value": 1.0,
            "min": 1.0,
            "max": 1.0,
            "count": 12
        }
    },
    "metadata": {
        "timer_format_version": "0.1.0",
        "start_time_seconds": "1654002438",
        "python_version": "3.8.10 (tags/v3.8.10:3d8993a, May  3 2021, 11:48:03) [MSC v.1928 64 bit (AMD64)]",
        "command_line_arguments": "C:\\Users\\Wessel\\Documents\\School\\Personal Portofolio\\AI\\ML_Agents_Testground\\venv\\Scripts\\mlagents-learn config/RaceAgent.yaml --run-id=RaceAgent --resume",
        "mlagents_version": "0.28.0",
        "mlagents_envs_version": "0.28.0",
        "communication_protocol_version": "1.5.0",
        "pytorch_version": "1.7.1+cu110",
        "numpy_version": "1.22.2",
        "end_time_seconds": "1654003019"
    },
    "total": 581.4320202,
    "count": 1,
    "self": 0.0037328000000798056,
    "children": {
        "run_training.setup": {
            "total": 0.06858770000000003,
            "count": 1,
            "self": 0.06858770000000003
        },
        "TrainerController.start_learning": {
            "total": 581.3596997,
            "count": 1,
            "self": 0.804391500000861,
            "children": {
                "TrainerController._reset_env": {
                    "total": 5.527674,
                    "count": 1,
                    "self": 5.527674
                },
                "TrainerController.advance": {
                    "total": 574.9806042999991,
                    "count": 60634,
                    "self": 0.7299443999967252,
                    "children": {
                        "env_step": {
                            "total": 414.81366850000774,
                            "count": 60634,
                            "self": 280.3699850000061,
                            "children": {
                                "SubprocessEnvManager._take_step": {
                                    "total": 133.92088960000325,
                                    "count": 60634,
                                    "self": 2.396956299995452,
                                    "children": {
                                        "TorchPolicy.evaluate": {
                                            "total": 131.5239333000078,
                                            "count": 60634,
                                            "self": 53.67564349999796,
                                            "children": {
                                                "TorchPolicy.sample_actions": {
                                                    "total": 77.84828980000984,
                                                    "count": 60634,
                                                    "self": 77.84828980000984
                                                }
                                            }
                                        }
                                    }
                                },
                                "workers": {
                                    "total": 0.5227938999983577,
                                    "count": 60633,
                                    "self": 0.0,
                                    "children": {
                                        "worker_root": {
                                            "total": 545.8653540999961,
                                            "count": 60633,
                                            "is_parallel": true,
                                            "self": 341.27991260000596,