{"count":1,"self":196.60888319999998,"total":842.13389929999994,"children":{"InitializeActuators":{"count":15,"self":0.0010000999999999999,"total":0.0010000999999999999,"children":null},"InitializeSensors":{"count":15,"self":0.0030001999999999997,"total":0.0030001999999999997,"children":null},"AgentSendState":{"count":386934,"self":28.8003136,"total":46.505231699999996,"children":{"CollectObservations":{"count":1160805,"self":1.6463596,"total":1.6463596,"children":null},"WriteActionMask":{"count":1160805,"self":0.4713342,"total":0.4713342,"children":null},"RequestDecision":{"count":1160805,"self":1.7346654,"total":15.5872228,"children":{"AgentInfo.ToProto":{"count":1160805,"self":1.8093793999999999,"total":13.8525574,"children":{"GenerateSensorData":{"count":1160805,"self":11.2413064,"total":12.043178,"children":{"RayPerceptionSensor.Perceive":{"count":1160805,"self":0.8018716,"total":0.8018716,"children":null}}}}}}}}},"DecideAction":{"count":386934,"self":595.8264832,"total":595.82645819999993,"children":null},"AgentAct":{"count":386934,"self":3.099376,"total":3.099376,"children":null},"AgentInfo.ToProto":{"count":3897,"self":0.0099949,"total":0.088949199999999992,"children":{"GenerateSensorData":{"count":3897,"self":0.074958,"total":0.078954299999999991,"children":{"RayPerceptionSensor.Perceive":{"count":3897,"self":0.0039962999999999995,"total":0.0039962999999999995,"children":null}}}}}},"gauges":{"BallUphold.CumulativeReward":{"count":3897,"max":1.05000007,"min":0,"runningAverage":0.9385813,"value":1.05000007,"weightedAverage":0.997856259}},"metadata":{"timer_format_version":"0.1.0","start_time_seconds":"1653317758","unity_version":"2020.3.20f1","command_line_arguments":"C:\\Program Files\\Unity\\Hub\\Editor\\2020.3.20f1\\Editor\\Unity.exe -projectpath C:\\Users\\Wessel\\Documents\\School\\Personal Portofolio\\AI\\ML_Agents_Testground -useHub -hubIPC -cloudEnvironment production -licensingIpc LicenseClient-Wessel -hubSessionId f7eb6990-da72-11ec-a333-3fcbd3ec8640 -accessToken FJslKVzRHlClY1CDQAkKWxvKISjY-xJHoJmSYNj_3Vo008f","communication_protocol_version":"1.5.0","com.unity.ml-agents_version":"2.0.1","scene_name":"BallUphold","end_time_seconds":"1653318600"}}