{"count":1,"self":85.7329024,"total":1294.9875905,"children":{"InitializeActuators":{"count":15,"self":0.0019982,"total":0.0019982,"children":null},"InitializeSensors":{"count":15,"self":0.0019998,"total":0.0019998,"children":null},"AgentSendState":{"count":174267,"self":29.1882624,"total":50.296262,"children":{"CollectObservations":{"count":1307010,"self":0.68720629999999994,"total":0.68720629999999994,"children":null},"WriteActionMask":{"count":1307010,"self":0.58108419999999994,"total":0.58108419999999994,"children":null},"RequestDecision":{"count":1307010,"self":2.0388904,"total":19.839708899999998,"children":{"AgentInfo.ToProto":{"count":1307010,"self":1.9643081999999998,"total":17.8008184,"children":{"GenerateSensorData":{"count":1307010,"self":13.381376,"total":15.8365102,"children":{"RayPerceptionSensor.Perceive":{"count":1307010,"self":2.4551342,"total":2.4551342,"children":null}}}}}}}}},"DecideAction":{"count":174267,"self":1153.5323136,"total":1153.5323223999999,"children":null},"AgentAct":{"count":174267,"self":5.2851924,"total":5.4211059,"children":{"AgentInfo.ToProto":{"count":8700,"self":0.014994899999999999,"total":0.1359136,"children":{"GenerateSensorData":{"count":8700,"self":0.105929,"total":0.12091869999999999,"children":{"RayPerceptionSensor.Perceive":{"count":8700,"self":0.0149897,"total":0.0149897,"children":null}}}}}}}},"gauges":{"ShootOut.CumulativeReward":{"count":8700,"max":1.00666749,"min":-0.999999166,"runningAverage":-0.6316595,"value":-0.999999166,"weightedAverage":-0.36113742}},"metadata":{"timer_format_version":"0.1.0","start_time_seconds":"1655467985","unity_version":"2020.3.20f1","command_line_arguments":"C:\\Program Files\\Unity\\Hub\\Editor\\2020.3.20f1\\Editor\\Unity.exe -projectpath C:\\Users\\Wessel\\Documents\\School\\Personal Portofolio\\AI\\ML_Agents_Testground -useHub -hubIPC -cloudEnvironment production -licensingIpc LicenseClient-Wessel -hubSessionId 42101c10-ee27-11ec-9b27-897093b79549 -accessToken Q5yZY7z9T2rw0qRsNR-KhUtTCSoJ377Req-phxV5_gE008f","communication_protocol_version":"1.5.0","com.unity.ml-agents_version":"2.0.1","scene_name":"ShootOut","end_time_seconds":"1655469280"}}