{
    "name": "root",
    "gauges": {
        "MoveAgent.Policy.Entropy.mean": {
            "value": 7.21110200881958,
            "min": 5.686679363250732,
            "max": 7.21110200881958,
            "count": 33
        },
        "MoveAgent.Policy.Entropy.sum": {
            "value": 721254.4375,
            "min": 155416.953125,
            "max": 721254.4375,
            "count": 33
        },
        "MoveAgent.Step.mean": {
            "value": 8199983.0,
            "min": 4999982.0,
            "max": 8199983.0,
            "count": 33
        },
        "MoveAgent.Step.sum": {
            "value": 8199983.0,
            "min": 4999982.0,
            "max": 8199983.0,
            "count": 33
        },
        "MoveAgent.Policy.ExtrinsicValueEstimate.mean": {
            "value": 1.0505425930023193,
            "min": 0.08477986603975296,
            "max": 1.0505425930023193,
            "count": 33
        },
        "MoveAgent.Policy.ExtrinsicValueEstimate.sum": {
            "value": 2129.449951171875,
            "min": 171.76400756835938,
            "max": 2129.449951171875,
            "count": 33
        },
        "MoveAgent.Environment.EpisodeLength.mean": {
            "value": 116.99881656804733,
            "min": 96.7641878669276,
            "max": 120.88658536585366,
            "count": 33
        },
        "MoveAgent.Environment.EpisodeLength.sum": {
            "value": 98864.0,
            "min": 26338.0,
            "max": 99567.0,
            "count": 33
        },
        "MoveAgent.Environment.CumulativeReward.mean": {
            "value": 0.48891167338690344,
            "min": -0.7251819474741655,
            "max": 0.6613569908137601,
            "count": 33
        },
        "MoveAgent.Environment.CumulativeReward.sum": {
            "value": 412.6414523385465,
            "min": -737.5100405812263,
            "max": 570.7510830722749,
            "count": 33
        },
        "MoveAgent.Policy.ExtrinsicReward.mean": {
            "value": 0.48891167338690344,
            "min": -0.7251819474741655,
            "max": 0.6613569908137601,
            "count": 33
        },
        "MoveAgent.Policy.ExtrinsicReward.sum": {
            "value": 412.6414523385465,
            "min": -737.5100405812263,
            "max": 570.7510830722749,
            "count": 33
        },
        "MoveAgent.Losses.PolicyLoss.mean": {
            "value": 0.04564381282361399,
            "min": 0.04564381282361399,
            "max": 0.04997577780265139,
            "count": 33
        },
        "MoveAgent.Losses.PolicyLoss.sum": {
            "value": 1.7801087001209455,
            "min": 0.4746413732622717,
            "max": 1.9240324905413824,
            "count": 33
        },
        "MoveAgent.Losses.ValueLoss.mean": {
            "value": 0.027538040639339095,
            "min": 0.018198365618626023,
            "max": 0.051118722851348344,
            "count": 33
        },
        "MoveAgent.Losses.ValueLoss.sum": {
            "value": 1.0739835849342247,
            "min": 0.3328153224958276,
            "max": 1.9936301912025856,
            "count": 33
        },
        "MoveAgent.Policy.LearningRate.mean": {
            "value": 0.00013699759741107536,
            "min": 0.00013699759741107536,
            "max": 0.00020024013125330068,
            "count": 33
        },
        "MoveAgent.Policy.LearningRate.sum": {
            "value": 0.0053429062990319395,
            "min": 0.002002401312533007,
            "max": 0.007682999479000622,
            "count": 33
        },
        "MoveAgent.Policy.Epsilon.mean": {
            "value": 0.14566584769230767,
            "min": 0.14566584769230767,
            "max": 0.16674669933333333,
            "count": 33
        },
        "MoveAgent.Policy.Epsilon.sum": {
            "value": 5.68096806,
            "min": 1.6674669933333333,
            "max": 6.4609993800000005,
            "count": 33
        },
        "MoveAgent.Policy.Beta.mean": {
            "value": 0.010000000000000004,
            "min": 0.010000000000000004,
            "max": 0.010000000000000004,
            "count": 33
        },
        "MoveAgent.Policy.Beta.sum": {
            "value": 0.3900000000000001,
            "min": 0.10000000000000003,
            "max": 0.3900000000000001,
            "count": 33
        },
        "MoveAgent.IsTraining.mean": {
            "value": 1.0,
            "min": 1.0,
            "max": 1.0,
            "count": 33
        },
        "MoveAgent.IsTraining.sum": {
            "value": 1.0,
            "min": 1.0,
            "max": 1.0,
            "count": 33
        }
    },
    "metadata": {
        "timer_format_version": "0.1.0",
        "start_time_seconds": "1652951957",
        "python_version": "3.8.10 (tags/v3.8.10:3d8993a, May  3 2021, 11:48:03) [MSC v.1928 64 bit (AMD64)]",
        "command_line_arguments": "C:\\Users\\Wessel\\Documents\\School\\Personal Portofolio\\AI\\ML_Agents_Testground\\venv\\Scripts\\mlagents-learn config/MoveAgent.yaml --run-id=MoveAgentV2 --resume",
        "mlagents_version": "0.28.0",
        "mlagents_envs_version": "0.28.0",
        "communication_protocol_version": "1.5.0",
        "pytorch_version": "1.7.1+cu110",
        "numpy_version": "1.22.2",
        "end_time_seconds": "1652954578"
    },
    "total": 2622.3992324,
    "count": 1,
    "self": 0.004161299999850598,
    "children": {
        "run_training.setup": {
            "total": 0.06874829999999998,
            "count": 1,
            "self": 0.06874829999999998
        },
        "TrainerController.start_learning": {
            "total": 2622.3263228,
            "count": 1,
            "self": 3.5421612999257377,
            "children": {
                "TrainerController._reset_env": {
                    "total": 4.6067978,
                    "count": 1,
                    "self": 4.6067978
                },
                "TrainerController.advance": {
                    "total": 2614.117355900074,
                    "count": 242992,
                    "self": 3.0259675000338575,
                    "children": {
                        "env_step": {
                            "total": 1805.884104000007,
                            "count": 242992,
                            "self": 1179.535100799791,
                            "children": {
                                "SubprocessEnvManager._take_step": {
                                    "total": 624.1790034000917,
                                    "count": 242993,
                                    "self": 9.531056100131536,
                                    "children": {
                                        "TorchPolicy.evaluate": {
                                            "total": 614.6479472999602,
                                            "count": 218861,
                                            "self": 202.99172969996118,
                                            "children": {
                                                "TorchPolicy.sample_actions": {
                                                    "total": 411.65621759999897,
                                                    "count": 218861,
                                                    "self": 411.65621759999897
                                                }
                                            }
                                        }
                                    }
                                },
                                "workers": {
                                    "total": 2.1699998001243532,
                                    "count": 242991,
                                    "self": 0.0,
                                    "children": {
                                        "worker_root": {
                                            "total": 2534.5525621999964,
                                            "count": 242991,