{
    "name": "root",
    "gauges": {
        "RaceAgent.Policy.Entropy.mean": {
            "value": 1.4019999504089355,
            "min": 1.3985010385513306,
            "max": 1.4094916582107544,
            "count": 7
        },
        "RaceAgent.Policy.Entropy.sum": {
            "value": 70205.1484375,
            "min": 69969.65625,
            "max": 70693.0546875,
            "count": 7
        },
        "RaceAgent.Environment.EpisodeLength.mean": {
            "value": 216.80088495575222,
            "min": 74.77996965098635,
            "max": 216.80088495575222,
            "count": 7
        },
        "RaceAgent.Environment.EpisodeLength.sum": {
            "value": 48997.0,
            "min": 48997.0,
            "max": 49785.0,
            "count": 7
        },
        "RaceAgent.Step.mean": {
            "value": 349945.0,
            "min": 49947.0,
            "max": 349945.0,
            "count": 7
        },
        "RaceAgent.Step.sum": {
            "value": 349945.0,
            "min": 49947.0,
            "max": 349945.0,
            "count": 7
        },
        "RaceAgent.Policy.ExtrinsicValueEstimate.mean": {
            "value": 0.010228176601231098,
            "min": 0.010228176601231098,
            "max": 0.031644031405448914,
            "count": 7
        },
        "RaceAgent.Policy.ExtrinsicValueEstimate.sum": {
            "value": 9.041707992553711,
            "min": 9.041707992553711,
            "max": 33.289520263671875,
            "count": 7
        },
        "RaceAgent.Policy.GailValueEstimate.mean": {
            "value": 0.09915521740913391,
            "min": 0.0252156350761652,
            "max": 0.20697078108787537,
            "count": 7
        },
        "RaceAgent.Policy.GailValueEstimate.sum": {
            "value": 87.65321350097656,
            "min": 26.52684783935547,
            "max": 194.9664764404297,
            "count": 7
        },
        "RaceAgent.Environment.CumulativeReward.mean": {
            "value": 0.048809133981049586,
            "min": 0.003780629695322376,
            "max": 0.048809133981049586,
            "count": 7
        },
        "RaceAgent.Environment.CumulativeReward.sum": {
            "value": 11.030864279717207,
            "min": 2.4876543395221233,
            "max": 13.512345779687166,
            "count": 7
        },
        "RaceAgent.Policy.ExtrinsicReward.mean": {
            "value": 0.048809133981049586,
            "min": 0.003780629695322376,
            "max": 0.048809133981049586,
            "count": 7
        },
        "RaceAgent.Policy.ExtrinsicReward.sum": {
            "value": 11.030864279717207,
            "min": 2.4876543395221233,
            "max": 13.512345779687166,
            "count": 7
        },
        "RaceAgent.Policy.GailReward.mean": {
            "value": 0.40132542422599676,
            "min": 0.31311623752868223,
            "max": 0.46986601463457506,
            "count": 7
        },
        "RaceAgent.Policy.GailReward.sum": {
            "value": 90.69954587507527,
            "min": 90.69954587507527,
            "max": 253.73832726245746,
            "count": 7
        },
        "RaceAgent.Losses.PolicyLoss.mean": {
            "value": 0.02346474428816388,
            "min": 0.021774780478638907,
            "max": 0.025967389169769983,
            "count": 7
        },
        "RaceAgent.Losses.PolicyLoss.sum": {
            "value": 0.1173237214408194,
            "min": 0.08709912191455563,
            "max": 0.12983694584884992,
            "count": 7
        },
        "RaceAgent.Losses.ValueLoss.mean": {
            "value": 9.162931120954454e-05,
            "min": 9.162931120954454e-05,
            "max": 0.001286047055812863,
            "count": 7
        },
        "RaceAgent.Losses.ValueLoss.sum": {
            "value": 0.0004581465560477227,
            "min": 0.0004581465560477227,
            "max": 0.005720583458120624,
            "count": 7
        },
        "RaceAgent.Policy.LearningRate.mean": {
            "value": 9.835672664327499e-05,
            "min": 9.835672664327499e-05,
            "max": 9.987175387824625e-05,
            "count": 7
        },
        "RaceAgent.Policy.LearningRate.sum": {
            "value": 0.0004917836332163749,
            "min": 0.000399487015512985,
            "max": 0.000498203806796195,
            "count": 7
        },
        "RaceAgent.Policy.Epsilon.mean": {
            "value": 0.19835672500000004,
            "min": 0.19835672500000004,
            "max": 0.19987175375,
            "count": 7
        },
        "RaceAgent.Policy.Epsilon.sum": {
            "value": 0.9917836250000002,
            "min": 0.799487015,
            "max": 0.9982038049999999,
            "count": 7
        },
        "RaceAgent.Policy.Beta.mean": {
            "value": 0.0098358368275,
            "min": 0.0098358368275,
            "max": 0.009987188199625,
            "count": 7
        },
        "RaceAgent.Policy.Beta.sum": {
            "value": 0.0491791841375,
            "min": 0.0399487527985,
            "max": 0.0498205601195,
            "count": 7
        },
        "RaceAgent.Policy.GAILPolicyEstimate.mean": {
            "value": 0.16454253554344175,
            "min": 0.16454253554344175,
            "max": 0.39747714400291445,
            "count": 7
        },
        "RaceAgent.Policy.GAILPolicyEstimate.sum": {
            "value": 0.8227126777172088,
            "min": 0.8227126777172088,
            "max": 1.5899085760116578,
            "count": 7
        },
        "RaceAgent.Policy.GAILExpertEstimate.mean": {
            "value": 0.8420834362506866,
            "min": 0.7440488182008266,
            "max": 0.8420834362506866,
            "count": 7
        },
        "RaceAgent.Policy.GAILExpertEstimate.sum": {
            "value": 4.210417181253433,
            "min": 2.9761952728033063,
            "max": 4.210417181253433,
            "count": 7
        },
        "RaceAgent.Losses.GAILLoss.mean": {
            "value": 0.36627536833286284,
            "min": 0.36627536833286284,
            "max": 0.8241148407260577,
            "count": 7
        },
        "RaceAgent.Losses.GAILLoss.sum": {
            "value": 1.8313768416643141,
            "min": 1.8313768416643141,
            "max": 3.2964593629042307,
            "count": 7
        },
        "RaceAgent.Policy.GAILGradMagLoss.mean": {
            "value": 0.18141626417636872,
            "min": 0.18141626417636872,
            "max": 7.5034702837467195,
            "count": 7
        },
        "RaceAgent.Policy.GAILGradMagLoss.sum": {
            "value": 0.9070813208818436,
            "min": 0.9070813208818436,
            "max": 30.013881134986878,
            "count": 7
        },
        "RaceAgent.Losses.PretrainingLoss.mean": {
            "value": 0.0,
            "min": 0.0,
            "max": 1.3350057037490788,
            "count": 7
        },
        "RaceAgent.Losses.PretrainingLoss.sum": {
            "value": 0.0,
            "min": 0.0,
            "max": 5.340022814996315,
            "count": 7
        },
        "RaceAgent.IsTraining.mean": {
            "value": 1.0,
            "min": 1.0,
            "max": 1.0,
            "count": 7
        },
        "RaceAgent.IsTraining.sum": {
            "value": 1.0,
            "min": 1.0,
            "max": 1.0,
            "count": 7
        }
    },
    "metadata": {
        "timer_format_version": "0.1.0",
        "start_time_seconds": "1654607496",
        "python_version": "3.8.10 (tags/v3.8.10:3d8993a, May  3 2021, 11:48:03) [MSC v.1928 64 bit (AMD64)]",
        "command_line_arguments": "C:\\Users\\Wessel\\Documents\\School\\Personal Portofolio\\AI\\ML_Agents_Testground\\venv\\Scripts\\mlagents-learn config/RaceAgentVDemon.yaml --run-id=RaceAgentDemo --force",
        "mlagents_version": "0.28.0",
        "mlagents_envs_version": "0.28.0",
        "communication_protocol_version": "1.5.0",