{
    "name": "root",
    "gauges": {
        "BallUphold.Policy.Entropy.mean": {
            "value": 1.1306005716323853,
            "min": 0.9682201147079468,
            "max": 1.1306005716323853,
            "count": 36
        },
        "BallUphold.Policy.Entropy.sum": {
            "value": 56727.8828125,
            "min": 47876.3828125,
            "max": 56727.8828125,
            "count": 36
        },
        "BallUphold.Environment.EpisodeLength.mean": {
            "value": 212.64935064935065,
            "min": 94.41666666666667,
            "max": 239.05853658536586,
            "count": 36
        },
        "BallUphold.Environment.EpisodeLength.sum": {
            "value": 49122.0,
            "min": 44187.0,
            "max": 51108.0,
            "count": 36
        },
        "BallUphold.Step.mean": {
            "value": 3799944.0,
            "min": 2049944.0,
            "max": 3799944.0,
            "count": 36
        },
        "BallUphold.Step.sum": {
            "value": 3799944.0,
            "min": 2049944.0,
            "max": 3799944.0,
            "count": 36
        },
        "BallUphold.Policy.ExtrinsicValueEstimate.mean": {
            "value": 0.21021583676338196,
            "min": 0.1335163116455078,
            "max": 0.22823891043663025,
            "count": 36
        },
        "BallUphold.Policy.ExtrinsicValueEstimate.sum": {
            "value": 188.3533935546875,
            "min": 123.10203552246094,
            "max": 202.6761474609375,
            "count": 36
        },
        "BallUphold.Environment.CumulativeReward.mean": {
            "value": 0.6741379410317488,
            "min": 0.2727564150690396,
            "max": 0.7646341571357193,
            "count": 36
        },
        "BallUphold.Environment.CumulativeReward.sum": {
            "value": 156.40000231936574,
            "min": 127.65000225231051,
            "max": 162.95000238344073,
            "count": 36
        },
        "BallUphold.Policy.ExtrinsicReward.mean": {
            "value": 0.6741379410317488,
            "min": 0.2727564150690396,
            "max": 0.7646341571357193,
            "count": 36
        },
        "BallUphold.Policy.ExtrinsicReward.sum": {
            "value": 156.40000231936574,
            "min": 127.65000225231051,
            "max": 162.95000238344073,
            "count": 36
        },
        "BallUphold.Losses.PolicyLoss.mean": {
            "value": 0.06505931021779866,
            "min": 0.06378601983265576,
            "max": 0.07286101769083568,
            "count": 36
        },
        "BallUphold.Losses.PolicyLoss.sum": {
            "value": 1.5614234452271678,
            "min": 1.4681845992842377,
            "max": 1.7486644245800562,
            "count": 36
        },
        "BallUphold.Losses.ValueLoss.mean": {
            "value": 0.0014374304962151048,
            "min": 0.0013983746989146718,
            "max": 0.001735755401486213,
            "count": 36
        },
        "BallUphold.Losses.ValueLoss.sum": {
            "value": 0.034498331909162516,
            "min": 0.03356099277395212,
            "max": 0.04038381966165616,
            "count": 36
        },
        "BallUphold.Policy.LearningRate.mean": {
            "value": 0.00024338570699643727,
            "min": 0.00024338570699643727,
            "max": 0.00026957951309471113,
            "count": 36
        },
        "BallUphold.Policy.LearningRate.sum": {
            "value": 0.005841256967914495,
            "min": 0.00578740453086528,
            "max": 0.006452686359104629,
            "count": 36
        },
        "BallUphold.Policy.Epsilon.mean": {
            "value": 0.18112856270833336,
            "min": 0.18112856270833336,
            "max": 0.18985983431818185,
            "count": 36
        },
        "BallUphold.Policy.Epsilon.sum": {
            "value": 4.347085505000001,
            "min": 4.176916355,
            "max": 4.634378585,
            "count": 36
        },
        "BallUphold.Policy.Beta.mean": {
            "value": 0.005,
            "min": 0.005,
            "max": 0.005000000000000002,
            "count": 36
        },
        "BallUphold.Policy.Beta.sum": {
            "value": 0.12,
            "min": 0.11000000000000003,
            "max": 0.125,
            "count": 36
        },
        "BallUphold.IsTraining.mean": {
            "value": 1.0,
            "min": 1.0,
            "max": 1.0,
            "count": 36
        },
        "BallUphold.IsTraining.sum": {
            "value": 1.0,
            "min": 1.0,
            "max": 1.0,
            "count": 36
        }
    },
    "metadata": {
        "timer_format_version": "0.1.0",
        "start_time_seconds": "1653319056",
        "python_version": "3.8.10 (tags/v3.8.10:3d8993a, May  3 2021, 11:48:03) [MSC v.1928 64 bit (AMD64)]",
        "command_line_arguments": "C:\\Users\\Wessel\\Documents\\School\\Personal Portofolio\\AI\\ML_Agents_Testground\\venv\\Scripts\\mlagents-learn config/BallUphold.yaml --run-id=BallUphold --resume",
        "mlagents_version": "0.28.0",
        "mlagents_envs_version": "0.28.0",
        "communication_protocol_version": "1.5.0",
        "pytorch_version": "1.7.1+cu110",
        "numpy_version": "1.22.2",
        "end_time_seconds": "1653320391"
    },
    "total": 1334.1140435,
    "count": 1,
    "self": 0.004255400000147347,
    "children": {
        "run_training.setup": {
            "total": 0.06785629999999998,
            "count": 1,
            "self": 0.06785629999999998
        },
        "TrainerController.start_learning": {
            "total": 1334.0419318,
            "count": 1,
            "self": 1.6663912000235541,
            "children": {
                "TrainerController._reset_env": {
                    "total": 17.7597829,
                    "count": 1,
                    "self": 17.7597829
                },
                "TrainerController.advance": {
                    "total": 1314.5718961999764,
                    "count": 127560,
                    "self": 1.5682923999515879,
                    "children": {
                        "env_step": {
                            "total": 801.344396199989,
                            "count": 127560,
                            "self": 665.3546850000016,
                            "children": {
                                "SubprocessEnvManager._take_step": {
                                    "total": 134.93377760000095,
                                    "count": 127560,
                                    "self": 5.1467587999859745,
                                    "children": {
                                        "TorchPolicy.evaluate": {
                                            "total": 129.78701880001498,
                                            "count": 120085,
                                            "self": 57.30326140000204,
                                            "children": {
                                                "TorchPolicy.sample_actions": {
                                                    "total": 72.48375740001293,
                                                    "count": 120085,
                                                    "self": 72.48375740001293
                                                }
                                            }
                                        }
                                    }
                                },
                                "workers": {
                                    "total": 1.0559335999863464,
                                    "count": 127559,
                                    "self": 0.0,
                                    "children": {
                                        "worker_root": {
                                            "total": 1314.6167263999798,
                                            "count": 127559,