{
    "name": "root",
    "gauges": {
        "BallUphold.Policy.Entropy.mean": {
            "value": 1.0216598510742188,
            "min": 0.8885205388069153,
            "max": 1.0300630331039429,
            "count": 30
        },
        "BallUphold.Policy.Entropy.sum": {
            "value": 51016.58203125,
            "min": 44328.2890625,
            "max": 51224.21875,
            "count": 30
        },
        "BallUphold.Environment.EpisodeLength.mean": {
            "value": 293.7894736842105,
            "min": 151.5689045936396,
            "max": 311.67721518987344,
            "count": 30
        },
        "BallUphold.Environment.EpisodeLength.sum": {
            "value": 50238.0,
            "min": 42894.0,
            "max": 50593.0,
            "count": 30
        },
        "BallUphold.Step.mean": {
            "value": 1999965.0,
            "min": 549983.0,
            "max": 1999965.0,
            "count": 30
        },
        "BallUphold.Step.sum": {
            "value": 1999965.0,
            "min": 549983.0,
            "max": 1999965.0,
            "count": 30
        },
        "BallUphold.Policy.ExtrinsicValueEstimate.mean": {
            "value": 0.25435295701026917,
            "min": 0.1645432561635971,
            "max": 0.2645496428012848,
            "count": 30
        },
        "BallUphold.Policy.ExtrinsicValueEstimate.sum": {
            "value": 232.22425842285156,
            "min": 147.7966766357422,
            "max": 240.47561645507812,
            "count": 30
        },
        "BallUphold.Environment.CumulativeReward.mean": {
            "value": 0.9316860604814665,
            "min": 0.48233216566563497,
            "max": 0.9920382313667588,
            "count": 30
        },
        "BallUphold.Environment.CumulativeReward.sum": {
            "value": 160.25000240281224,
            "min": 136.5000028833747,
            "max": 160.25000240281224,
            "count": 30
        },
        "BallUphold.Policy.ExtrinsicReward.mean": {
            "value": 0.9316860604814665,
            "min": 0.48233216566563497,
            "max": 0.9920382313667588,
            "count": 30
        },
        "BallUphold.Policy.ExtrinsicReward.sum": {
            "value": 160.25000240281224,
            "min": 136.5000028833747,
            "max": 160.25000240281224,
            "count": 30
        },
        "BallUphold.Losses.PolicyLoss.mean": {
            "value": 0.069197900979715,
            "min": 0.06438390305952958,
            "max": 0.071090063718859,
            "count": 30
        },
        "BallUphold.Losses.PolicyLoss.sum": {
            "value": 1.6607496235131598,
            "min": 1.4744604423827052,
            "max": 1.706161529252616,
            "count": 30
        },
        "BallUphold.Losses.ValueLoss.mean": {
            "value": 0.001169980119603527,
            "min": 0.0010332485985719102,
            "max": 0.0019023653831969948,
            "count": 30
        },
        "BallUphold.Losses.ValueLoss.sum": {
            "value": 0.028079522870484652,
            "min": 0.024797966365725847,
            "max": 0.03994967304713689,
            "count": 30
        },
        "BallUphold.Policy.LearningRate.mean": {
            "value": 0.0002703908254947281,
            "min": 0.0002703908254947281,
            "max": 0.0002920626097886548,
            "count": 30
        },
        "BallUphold.Policy.LearningRate.sum": {
            "value": 0.006489379811873475,
            "min": 0.006133314805561751,
            "max": 0.00699266634911124,
            "count": 30
        },
        "BallUphold.Policy.Epsilon.mean": {
            "value": 0.190130271875,
            "min": 0.190130271875,
            "max": 0.1973542023809524,
            "count": 30
        },
        "BallUphold.Policy.Epsilon.sum": {
            "value": 4.563126525,
            "min": 4.14443825,
            "max": 4.730888760000001,
            "count": 30
        },
        "BallUphold.Policy.Beta.mean": {
            "value": 0.005,
            "min": 0.005,
            "max": 0.005000000000000002,
            "count": 30
        },
        "BallUphold.Policy.Beta.sum": {
            "value": 0.12,
            "min": 0.10500000000000002,
            "max": 0.12,
            "count": 30
        },
        "BallUphold.IsTraining.mean": {
            "value": 1.0,
            "min": 1.0,
            "max": 1.0,
            "count": 30
        },
        "BallUphold.IsTraining.sum": {
            "value": 1.0,
            "min": 1.0,
            "max": 1.0,
            "count": 30
        }
    },
    "metadata": {
        "timer_format_version": "0.1.0",
        "start_time_seconds": "1653317467",
        "python_version": "3.8.10 (tags/v3.8.10:3d8993a, May  3 2021, 11:48:03) [MSC v.1928 64 bit (AMD64)]",
        "command_line_arguments": "C:\\Users\\Wessel\\Documents\\School\\Personal Portofolio\\AI\\ML_Agents_Testground\\venv\\Scripts\\mlagents-learn config/BallUphold.yaml --run-id=BallUphold --resume",
        "mlagents_version": "0.28.0",
        "mlagents_envs_version": "0.28.0",
        "communication_protocol_version": "1.5.0",
        "pytorch_version": "1.7.1+cu110",
        "numpy_version": "1.22.2",
        "end_time_seconds": "1653318661"
    },
    "total": 1194.1766656,
    "count": 1,
    "self": 0.0036569999997482228,
    "children": {
        "run_training.setup": {
            "total": 0.06903510000000002,
            "count": 1,
            "self": 0.06903510000000002
        },
        "TrainerController.start_learning": {
            "total": 1194.1039735000002,
            "count": 1,
            "self": 1.3957974000095419,
            "children": {
                "TrainerController._reset_env": {
                    "total": 17.699700399999998,
                    "count": 1,
                    "self": 17.699700399999998
                },
                "TrainerController.advance": {
                    "total": 1174.9699524999908,
                    "count": 104723,
                    "self": 1.268645499983677,
                    "children": {
                        "env_step": {
                            "total": 751.2515270999901,
                            "count": 104723,
                            "self": 637.9704450999657,
                            "children": {
                                "SubprocessEnvManager._take_step": {
                                    "total": 112.40064260002201,
                                    "count": 104724,
                                    "self": 4.277221400039522,
                                    "children": {
                                        "TorchPolicy.evaluate": {
                                            "total": 108.12342119998249,
                                            "count": 99925,
                                            "self": 47.264598800000684,
                                            "children": {
                                                "TorchPolicy.sample_actions": {
                                                    "total": 60.858822399981804,
                                                    "count": 99925,
                                                    "self": 60.858822399981804
                                                }
                                            }
                                        }
                                    }
                                },
                                "workers": {
                                    "total": 0.8804394000024018,
                                    "count": 104722,
                                    "self": 0.0,
                                    "children": {
                                        "worker_root": {
                                            "total": 1080.541700800005,
                                            "count": 104722,