{
    "name": "root",
    "gauges": {
        "RaceAgent.Policy.Entropy.mean": {
            "value": 1.9594460725784302,
            "min": 1.9516029357910156,
            "max": 2.0232911109924316,
            "count": 23
        },
        "RaceAgent.Policy.Entropy.sum": {
            "value": 58861.76171875,
            "min": 10068.015625,
            "max": 61083.15625,
            "count": 23
        },
        "RaceAgent.Step.mean": {
            "value": 2399947.0,
            "min": 1739977.0,
            "max": 2399947.0,
            "count": 23
        },
        "RaceAgent.Step.sum": {
            "value": 2399947.0,
            "min": 1739977.0,
            "max": 2399947.0,
            "count": 23
        },
        "RaceAgent.Policy.ExtrinsicValueEstimate.mean": {
            "value": 0.2674734592437744,
            "min": 0.22322791814804077,
            "max": 0.27500292658805847,
            "count": 23
        },
        "RaceAgent.Policy.ExtrinsicValueEstimate.sum": {
            "value": 66.33341979980469,
            "min": 10.009259223937988,
            "max": 67.10071563720703,
            "count": 23
        },
        "RaceAgent.Policy.CuriosityValueEstimate.mean": {
            "value": 0.014272749423980713,
            "min": 0.011927382089197636,
            "max": 0.020037338137626648,
            "count": 23
        },
        "RaceAgent.Policy.CuriosityValueEstimate.sum": {
            "value": 3.539641857147217,
            "min": 0.541181206703186,
            "max": 4.889110565185547,
            "count": 23
        },
        "RaceAgent.Environment.EpisodeLength.mean": {
            "value": 1183.3703703703704,
            "min": 401.0,
            "max": 1866.0,
            "count": 23
        },
        "RaceAgent.Environment.EpisodeLength.sum": {
            "value": 31951.0,
            "min": 401.0,
            "max": 37536.0,
            "count": 23
        },
        "RaceAgent.Environment.CumulativeReward.mean": {
            "value": 3.8110027882669653,
            "min": 1.0248447507619858,
            "max": 4.966356293453525,
            "count": 23
        },
        "RaceAgent.Environment.CumulativeReward.sum": {
            "value": 106.70807807147503,
            "min": 1.0248447507619858,
            "max": 119.19255104288459,
            "count": 23
        },
        "RaceAgent.Policy.ExtrinsicReward.mean": {
            "value": 3.8110027882669653,
            "min": 1.0248447507619858,
            "max": 4.966356293453525,
            "count": 23
        },
        "RaceAgent.Policy.ExtrinsicReward.sum": {
            "value": 106.70807807147503,
            "min": 1.0248447507619858,
            "max": 119.19255104288459,
            "count": 23
        },
        "RaceAgent.Policy.CuriosityReward.mean": {
            "value": 1.8379307013321002,
            "min": 0.0,
            "max": 3.108723506304765,
            "count": 23
        },
        "RaceAgent.Policy.CuriosityReward.sum": {
            "value": 51.46205963729881,
            "min": 0.0,
            "max": 74.60936415131437,
            "count": 23
        },
        "RaceAgent.IsTraining.mean": {
            "value": 1.0,
            "min": 1.0,
            "max": 1.0,
            "count": 23
        },
        "RaceAgent.IsTraining.sum": {
            "value": 1.0,
            "min": 1.0,
            "max": 1.0,
            "count": 23
        },
        "RaceAgent.Losses.PolicyLoss.mean": {
            "value": 0.02222783100409692,
            "min": 0.019007950715927615,
            "max": 0.0267577639601465,
            "count": 22
        },
        "RaceAgent.Losses.PolicyLoss.sum": {
            "value": 0.06668349301229076,
            "min": 0.04364900670091932,
            "max": 0.07924144334586647,
            "count": 22
        },
        "RaceAgent.Losses.ValueLoss.mean": {
            "value": 0.00046057054294376735,
            "min": 0.000429769419780415,
            "max": 0.0005580624772442712,
            "count": 22
        },
        "RaceAgent.Losses.ValueLoss.sum": {
            "value": 0.001381711628831302,
            "min": 0.00097778224638508,
            "max": 0.0016741874317328137,
            "count": 22
        },
        "RaceAgent.Policy.LearningRate.mean": {
            "value": 8.807442025892499e-05,
            "min": 8.807442025892499e-05,
            "max": 9.122151211183e-05,
            "count": 22
        },
        "RaceAgent.Policy.LearningRate.sum": {
            "value": 0.00026422326077677496,
            "min": 0.00017795347704654496,
            "max": 0.00027366453633549003,
            "count": 22
        },
        "RaceAgent.Policy.Epsilon.mean": {
            "value": 0.1880744083333333,
            "min": 0.1880744083333333,
            "max": 0.19122150333333332,
            "count": 22
        },
        "RaceAgent.Policy.Epsilon.sum": {
            "value": 0.5642232249999999,
            "min": 0.3779534549999999,
            "max": 0.57366451,
            "count": 22
        },
        "RaceAgent.Policy.Beta.mean": {
            "value": 0.0088086333925,
            "min": 0.0088086333925,
            "max": 0.009123028183,
            "count": 22
        },
        "RaceAgent.Policy.Beta.sum": {
            "value": 0.026425900177499996,
            "min": 0.017797550154500005,
            "max": 0.027369084549,
            "count": 22
        },
        "RaceAgent.Losses.CuriosityForwardLoss.mean": {
            "value": 0.30710996852980715,
            "min": 0.30710996852980715,
            "max": 0.34383991012970605,
            "count": 22
        },
        "RaceAgent.Losses.CuriosityForwardLoss.sum": {
            "value": 0.9213299055894215,
            "min": 0.6678487360477448,
            "max": 1.0288910686969759,
            "count": 22
        },
        "RaceAgent.Losses.CuriosityInverseLoss.mean": {
            "value": 2.263158636622959,
            "min": 2.2033574263254803,
            "max": 2.389130568504333,
            "count": 22
        },
        "RaceAgent.Losses.CuriosityInverseLoss.sum": {
            "value": 6.789475909868877,
            "min": 4.4067148526509605,
            "max": 7.167391705512999,
            "count": 22
        }
    },
    "metadata": {
        "timer_format_version": "0.1.0",
        "start_time_seconds": "1654089569",
        "python_version": "3.8.10 (tags/v3.8.10:3d8993a, May  3 2021, 11:48:03) [MSC v.1928 64 bit (AMD64)]",
        "command_line_arguments": "C:\\Users\\Wessel\\Documents\\School\\Personal Portofolio\\AI\\ML_Agents_Testground\\venv\\Scripts\\mlagents-learn config/RaceAgentV2.yaml --run-id=RaceAgentV7 --resume",
        "mlagents_version": "0.28.0",
        "mlagents_envs_version": "0.28.0",
        "communication_protocol_version": "1.5.0",
        "pytorch_version": "1.7.1+cu110",
        "numpy_version": "1.22.2",
        "end_time_seconds": "1654090327"
    },
    "total": 757.5873086,
    "count": 1,
    "self": 0.004994800000076793,
    "children": {
        "run_training.setup": {
            "total": 0.06931260000000006,
            "count": 1,
            "self": 0.06931260000000006
        },
        "TrainerController.start_learning": {
            "total": 757.5130012,
            "count": 1,
            "self": 1.1091452000115396,
            "children": {
                "TrainerController._reset_env": {
                    "total": 5.4454848,
                    "count": 1,
                    "self": 5.4454848
                },
                "TrainerController.advance": {
                    "total": 750.8849314999884,
                    "count": 69800,
                    "self": 1.0167020000021694,
                    "children": {
                        "env_step": {
                            "total": 558.7316454999952,
                            "count": 69800,
                            "self": 369.41370319997645,