{
    "name": "root",
    "gauges": {
        "RaceAgent.Policy.Entropy.mean": {
            "value": 2.0238800048828125,
            "min": 2.011765718460083,
            "max": 2.15175461769104,
            "count": 65
        },
        "RaceAgent.Policy.Entropy.sum": {
            "value": 60675.921875,
            "min": 36031.51171875,
            "max": 64810.8515625,
            "count": 65
        },
        "RaceAgent.Step.mean": {
            "value": 4649907.0,
            "min": 2729935.0,
            "max": 4649907.0,
            "count": 65
        },
        "RaceAgent.Step.sum": {
            "value": 4649907.0,
            "min": 2729935.0,
            "max": 4649907.0,
            "count": 65
        },
        "RaceAgent.Policy.ExtrinsicValueEstimate.mean": {
            "value": 0.7990056276321411,
            "min": 0.010600287467241287,
            "max": 0.7990056276321411,
            "count": 65
        },
        "RaceAgent.Policy.ExtrinsicValueEstimate.sum": {
            "value": 187.76632690429688,
            "min": 1.4098381996154785,
            "max": 188.96810913085938,
            "count": 65
        },
        "RaceAgent.Policy.CuriosityValueEstimate.mean": {
            "value": 0.015656528994441032,
            "min": 0.0030631220433861017,
            "max": 0.021269729360938072,
            "count": 65
        },
        "RaceAgent.Policy.CuriosityValueEstimate.sum": {
            "value": 3.67928409576416,
            "min": 0.40739524364471436,
            "max": 5.062195777893066,
            "count": 65
        },
        "RaceAgent.Environment.EpisodeLength.mean": {
            "value": 7499.0,
            "min": 868.0769230769231,
            "max": 7499.0,
            "count": 65
        },
        "RaceAgent.Environment.EpisodeLength.sum": {
            "value": 14998.0,
            "min": 8198.0,
            "max": 52241.0,
            "count": 65
        },
        "RaceAgent.Environment.CumulativeReward.mean": {
            "value": 59.64913843199611,
            "min": 2.0615968076655498,
            "max": 59.64913843199611,
            "count": 65
        },
        "RaceAgent.Environment.CumulativeReward.sum": {
            "value": 119.29827686399221,
            "min": 26.800758499652147,
            "max": 372.11409332603216,
            "count": 65
        },
        "RaceAgent.Policy.ExtrinsicReward.mean": {
            "value": 59.64913843199611,
            "min": 2.0615968076655498,
            "max": 59.64913843199611,
            "count": 65
        },
        "RaceAgent.Policy.ExtrinsicReward.sum": {
            "value": 119.29827686399221,
            "min": 26.800758499652147,
            "max": 372.11409332603216,
            "count": 65
        },
        "RaceAgent.Policy.CuriosityReward.mean": {
            "value": 9.753799509257078,
            "min": 0.1387233424645204,
            "max": 10.531461236377558,
            "count": 65
        },
        "RaceAgent.Policy.CuriosityReward.sum": {
            "value": 19.507599018514156,
            "min": 1.803403452038765,
            "max": 71.14760039374232,
            "count": 65
        },
        "RaceAgent.Losses.PolicyLoss.mean": {
            "value": 0.023832859027121834,
            "min": 0.020228488484281115,
            "max": 0.030180364041977253,
            "count": 65
        },
        "RaceAgent.Losses.PolicyLoss.sum": {
            "value": 0.0714985770813655,
            "min": 0.02657678824737862,
            "max": 0.09054109212593175,
            "count": 65
        },
        "RaceAgent.Losses.ValueLoss.mean": {
            "value": 0.0024285896603638926,
            "min": 0.002181063156523224,
            "max": 0.0037975584467252097,
            "count": 65
        },
        "RaceAgent.Losses.ValueLoss.sum": {
            "value": 0.007285768981091678,
            "min": 0.0037975584467252097,
            "max": 0.011229484155774117,
            "count": 65
        },
        "RaceAgent.Policy.LearningRate.mean": {
            "value": 7.6843028156995e-05,
            "min": 7.6843028156995e-05,
            "max": 8.6379968620045e-05,
            "count": 65
        },
        "RaceAgent.Policy.LearningRate.sum": {
            "value": 0.000230529084470985,
            "min": 8.6379968620045e-05,
            "max": 0.00025883094116909994,
            "count": 65
        },
        "RaceAgent.Policy.Epsilon.mean": {
            "value": 0.17684300500000005,
            "min": 0.17684300500000005,
            "max": 0.18637995499999993,
            "count": 65
        },
        "RaceAgent.Policy.Epsilon.sum": {
            "value": 0.5305290150000002,
            "min": 0.18637995499999993,
            "max": 0.5588308999999999,
            "count": 65
        },
        "RaceAgent.Policy.Beta.mean": {
            "value": 0.0076866161995,
            "min": 0.0076866161995,
            "max": 0.008639357504500003,
            "count": 65
        },
        "RaceAgent.Policy.Beta.sum": {
            "value": 0.0230598485985,
            "min": 0.008639357504500003,
            "max": 0.025887206910000002,
            "count": 65
        },
        "RaceAgent.Losses.CuriosityForwardLoss.mean": {
            "value": 0.25704165912336774,
            "min": 0.2367537945508957,
            "max": 0.3033823947111765,
            "count": 65
        },
        "RaceAgent.Losses.CuriosityForwardLoss.sum": {
            "value": 0.7711249773701032,
            "min": 0.2397956003745397,
            "max": 0.9101471841335296,
            "count": 65
        },
        "RaceAgent.Losses.CuriosityInverseLoss.mean": {
            "value": 2.05045264561971,
            "min": 1.8760227759679158,
            "max": 2.1579994440078734,
            "count": 65
        },
        "RaceAgent.Losses.CuriosityInverseLoss.sum": {
            "value": 6.151357936859131,
            "min": 2.1579994440078734,
            "max": 6.332289667924245,
            "count": 65
        },
        "RaceAgent.IsTraining.mean": {
            "value": 1.0,
            "min": 1.0,
            "max": 1.0,
            "count": 65
        },
        "RaceAgent.IsTraining.sum": {
            "value": 1.0,
            "min": 1.0,
            "max": 1.0,
            "count": 65
        }
    },
    "metadata": {
        "timer_format_version": "0.1.0",
        "start_time_seconds": "1654090911",
        "python_version": "3.8.10 (tags/v3.8.10:3d8993a, May  3 2021, 11:48:03) [MSC v.1928 64 bit (AMD64)]",
        "command_line_arguments": "C:\\Users\\Wessel\\Documents\\School\\Personal Portofolio\\AI\\ML_Agents_Testground\\venv\\Scripts\\mlagents-learn config/RaceAgentV2.yaml --run-id=RaceAgentV7 --resume",
        "mlagents_version": "0.28.0",
        "mlagents_envs_version": "0.28.0",
        "communication_protocol_version": "1.5.0",
        "pytorch_version": "1.7.1+cu110",
        "numpy_version": "1.22.2",
        "end_time_seconds": "1654092670"
    },
    "total": 1758.9012102,
    "count": 1,
    "self": 0.0042089999999461725,
    "children": {
        "run_training.setup": {
            "total": 0.06945560000000006,
            "count": 1,
            "self": 0.06945560000000006
        },
        "TrainerController.start_learning": {
            "total": 1758.8275456,
            "count": 1,
            "self": 2.5685513000078117,
            "children": {
                "TrainerController._reset_env": {
                    "total": 5.0030695000000005,
                    "count": 1,
                    "self": 5.0030695000000005
                },
                "TrainerController.advance": {
                    "total": 1751.1900493999922,
                    "count": 195637,
                    "self": 2.4683602000534393,
                    "children": {
                        "env_step": {
                            "total": 1268.5501780999712,
                            "count": 195637,