{
    "name": "root",
    "gauges": {
        "RaceAgent.Policy.Entropy.mean": {
            "value": 1.8854811191558838,
            "min": 1.884697437286377,
            "max": 2.0199105739593506,
            "count": 128
        },
        "RaceAgent.Policy.Entropy.sum": {
            "value": 56187.3359375,
            "min": 32803.34765625,
            "max": 61274.01171875,
            "count": 128
        },
        "RaceAgent.Step.mean": {
            "value": 8489900.0,
            "min": 4679883.0,
            "max": 8489900.0,
            "count": 128
        },
        "RaceAgent.Step.sum": {
            "value": 8489900.0,
            "min": 4679883.0,
            "max": 8489900.0,
            "count": 128
        },
        "RaceAgent.Policy.ExtrinsicValueEstimate.mean": {
            "value": 0.8580576181411743,
            "min": 0.7599988579750061,
            "max": 0.9009866714477539,
            "count": 128
        },
        "RaceAgent.Policy.ExtrinsicValueEstimate.sum": {
            "value": 203.35964965820312,
            "min": 84.2916488647461,
            "max": 213.53384399414062,
            "count": 128
        },
        "RaceAgent.Policy.CuriosityValueEstimate.mean": {
            "value": 0.006814353168010712,
            "min": -0.0003160405613016337,
            "max": 0.023268388584256172,
            "count": 128
        },
        "RaceAgent.Policy.CuriosityValueEstimate.sum": {
            "value": 1.6150016784667969,
            "min": -0.07490161061286926,
            "max": 5.468071460723877,
            "count": 128
        },
        "RaceAgent.Losses.PolicyLoss.mean": {
            "value": 0.02093604713186829,
            "min": 0.017441526223344474,
            "max": 0.02958533702379403,
            "count": 128
        },
        "RaceAgent.Losses.PolicyLoss.sum": {
            "value": 0.06280814139560487,
            "min": 0.017441526223344474,
            "max": 0.08875601107138209,
            "count": 128
        },
        "RaceAgent.Losses.ValueLoss.mean": {
            "value": 0.0015688671225992344,
            "min": 0.0013161986574737562,
            "max": 0.002788705266236017,
            "count": 128
        },
        "RaceAgent.Losses.ValueLoss.sum": {
            "value": 0.004706601367797703,
            "min": 0.002646014355405262,
            "max": 0.008366115798708051,
            "count": 128
        },
        "RaceAgent.Policy.LearningRate.mean": {
            "value": 5.761309905361e-05,
            "min": 5.761309905361e-05,
            "max": 7.6613408386615e-05,
            "count": 128
        },
        "RaceAgent.Policy.LearningRate.sum": {
            "value": 0.00017283929716083,
            "min": 7.6613408386615e-05,
            "max": 0.00022951998048009,
            "count": 128
        },
        "RaceAgent.Policy.Epsilon.mean": {
            "value": 0.15761305666666667,
            "min": 0.15761305666666667,
            "max": 0.176613385,
            "count": 128
        },
        "RaceAgent.Policy.Epsilon.sum": {
            "value": 0.47283917,
            "min": 0.176613385,
            "max": 0.5295199100000001,
            "count": 128
        },
        "RaceAgent.Policy.Beta.mean": {
            "value": 0.005765544360999999,
            "min": 0.005765544360999999,
            "max": 0.007663677161500001,
            "count": 128
        },
        "RaceAgent.Policy.Beta.sum": {
            "value": 0.017296633082999998,
            "min": 0.007663677161500001,
            "max": 0.022959039009000006,
            "count": 128
        },
        "RaceAgent.Losses.CuriosityForwardLoss.mean": {
            "value": 0.1577984889348348,
            "min": 0.14828754837314287,
            "max": 0.2641089430812633,
            "count": 128
        },
        "RaceAgent.Losses.CuriosityForwardLoss.sum": {
            "value": 0.4733954668045044,
            "min": 0.2435027654423858,
            "max": 0.7696939527988433,
            "count": 128
        },
        "RaceAgent.Losses.CuriosityInverseLoss.mean": {
            "value": 2.1484120501412285,
            "min": 2.0249292625321282,
            "max": 2.306087488598294,
            "count": 128
        },
        "RaceAgent.Losses.CuriosityInverseLoss.sum": {
            "value": 6.4452361504236855,
            "min": 2.1165379466432515,
            "max": 6.918262465794882,
            "count": 128
        },
        "RaceAgent.IsTraining.mean": {
            "value": 1.0,
            "min": 1.0,
            "max": 1.0,
            "count": 128
        },
        "RaceAgent.IsTraining.sum": {
            "value": 1.0,
            "min": 1.0,
            "max": 1.0,
            "count": 128
        },
        "RaceAgent.Environment.EpisodeLength.mean": {
            "value": 6221.0,
            "min": 826.0,
            "max": 7499.0,
            "count": 125
        },
        "RaceAgent.Environment.EpisodeLength.sum": {
            "value": 24884.0,
            "min": 826.0,
            "max": 78198.0,
            "count": 125
        },
        "RaceAgent.Environment.CumulativeReward.mean": {
            "value": 53.33310729637742,
            "min": 13.620063919574022,
            "max": 66.50292511284351,
            "count": 125
        },
        "RaceAgent.Environment.CumulativeReward.sum": {
            "value": 213.33242918550968,
            "min": 13.620063919574022,
            "max": 683.6687301285565,
            "count": 125
        },
        "RaceAgent.Policy.ExtrinsicReward.mean": {
            "value": 53.33310729637742,
            "min": 13.620063919574022,
            "max": 66.50292511284351,
            "count": 125
        },
        "RaceAgent.Policy.ExtrinsicReward.sum": {
            "value": 213.33242918550968,
            "min": 13.620063919574022,
            "max": 683.6687301285565,
            "count": 125
        },
        "RaceAgent.Policy.CuriosityReward.mean": {
            "value": 5.001124773174524,
            "min": 0.6535330340266228,
            "max": 9.227159665431827,
            "count": 125
        },
        "RaceAgent.Policy.CuriosityReward.sum": {
            "value": 20.004499092698097,
            "min": 0.6535330340266228,
            "max": 97.96431477135047,
            "count": 125
        }
    },
    "metadata": {
        "timer_format_version": "0.1.0",
        "start_time_seconds": "1654092856",
        "python_version": "3.8.10 (tags/v3.8.10:3d8993a, May  3 2021, 11:48:03) [MSC v.1928 64 bit (AMD64)]",
        "command_line_arguments": "C:\\Users\\Wessel\\Documents\\School\\Personal Portofolio\\AI\\ML_Agents_Testground\\venv\\Scripts\\mlagents-learn config/RaceAgentV2.yaml --run-id=RaceAgentV7 --resume",
        "mlagents_version": "0.28.0",
        "mlagents_envs_version": "0.28.0",
        "communication_protocol_version": "1.5.0",
        "pytorch_version": "1.7.1+cu110",
        "numpy_version": "1.22.2",
        "end_time_seconds": "1654097434"
    },
    "total": 4578.4401533,
    "count": 1,
    "self": 0.004998899999918649,
    "children": {
        "run_training.setup": {
            "total": 0.06613460000000004,
            "count": 1,
            "self": 0.06613460000000004
        },
        "TrainerController.start_learning": {
            "total": 4578.3690198,
            "count": 1,
            "self": 5.946531099987624,
            "children": {
                "TrainerController._reset_env": {
                    "total": 6.547715200000001,
                    "count": 1,
                    "self": 6.547715200000001
                },
                "TrainerController.advance": {
                    "total": 4565.804582200012,
                    "count": 383367,
                    "self": 5.3277484000218465,
                    "children": {
                        "env_step": {
                            "total": 3423.1865870999336,
                            "count": 383367,