{
    "name": "root",
    "gauges": {
        "RaceAgent.Policy.Entropy.mean": {
            "value": 1.8685553073883057,
            "min": 1.8672614097595215,
            "max": 1.8959816694259644,
            "count": 80
        },
        "RaceAgent.Policy.Entropy.sum": {
            "value": 55832.43359375,
            "min": 50635.04296875,
            "max": 57845.171875,
            "count": 80
        },
        "RaceAgent.Step.mean": {
            "value": 10889877.0,
            "min": 8519887.0,
            "max": 10889877.0,
            "count": 80
        },
        "RaceAgent.Step.sum": {
            "value": 10889877.0,
            "min": 8519887.0,
            "max": 10889877.0,
            "count": 80
        },
        "RaceAgent.Policy.ExtrinsicValueEstimate.mean": {
            "value": 0.8651304841041565,
            "min": 0.8453680276870728,
            "max": 0.9032462239265442,
            "count": 80
        },
        "RaceAgent.Policy.ExtrinsicValueEstimate.sum": {
            "value": 203.3056640625,
            "min": 176.4542236328125,
            "max": 213.7972412109375,
            "count": 80
        },
        "RaceAgent.Policy.CuriosityValueEstimate.mean": {
            "value": 0.0036106808111071587,
            "min": 0.0010205976432189345,
            "max": 0.01253507100045681,
            "count": 80
        },
        "RaceAgent.Policy.CuriosityValueEstimate.sum": {
            "value": 0.8485099673271179,
            "min": 0.24188163876533508,
            "max": 2.9708118438720703,
            "count": 80
        },
        "RaceAgent.Environment.EpisodeLength.mean": {
            "value": 7499.0,
            "min": 854.0,
            "max": 7499.0,
            "count": 80
        },
        "RaceAgent.Environment.EpisodeLength.sum": {
            "value": 14998.0,
            "min": 854.0,
            "max": 62530.0,
            "count": 80
        },
        "RaceAgent.Environment.CumulativeReward.mean": {
            "value": 64.6759192943573,
            "min": 6.864517465233803,
            "max": 65.87693107873201,
            "count": 80
        },
        "RaceAgent.Environment.CumulativeReward.sum": {
            "value": 129.3518385887146,
            "min": 6.864517465233803,
            "max": 541.3320528417826,
            "count": 80
        },
        "RaceAgent.Policy.ExtrinsicReward.mean": {
            "value": 64.6759192943573,
            "min": 6.864517465233803,
            "max": 65.87693107873201,
            "count": 80
        },
        "RaceAgent.Policy.ExtrinsicReward.sum": {
            "value": 129.3518385887146,
            "min": 6.864517465233803,
            "max": 541.3320528417826,
            "count": 80
        },
        "RaceAgent.Policy.CuriosityReward.mean": {
            "value": 5.358597008511424,
            "min": 0.0,
            "max": 6.11365191116929,
            "count": 80
        },
        "RaceAgent.Policy.CuriosityReward.sum": {
            "value": 10.717194017022848,
            "min": 0.0,
            "max": 44.152191270142794,
            "count": 80
        },
        "RaceAgent.Losses.PolicyLoss.mean": {
            "value": 0.02225046599439035,
            "min": 0.019836638179549483,
            "max": 0.02915000214577756,
            "count": 80
        },
        "RaceAgent.Losses.PolicyLoss.sum": {
            "value": 0.0445009319887807,
            "min": 0.039673276359098966,
            "max": 0.08745000643733268,
            "count": 80
        },
        "RaceAgent.Losses.ValueLoss.mean": {
            "value": 0.0012582749982054035,
            "min": 0.0011957975395489485,
            "max": 0.0018803364345027756,
            "count": 80
        },
        "RaceAgent.Losses.ValueLoss.sum": {
            "value": 0.002516549996410807,
            "min": 0.002391595079097897,
            "max": 0.00544425401603803,
            "count": 80
        },
        "RaceAgent.Policy.LearningRate.mean": {
            "value": 4.5626889373165e-05,
            "min": 4.5626889373165e-05,
            "max": 5.745276754727501e-05,
            "count": 80
        },
        "RaceAgent.Policy.LearningRate.sum": {
            "value": 9.125377874633e-05,
            "min": 9.125377874633e-05,
            "max": 0.00017196336803676,
            "count": 80
        },
        "RaceAgent.Policy.Epsilon.mean": {
            "value": 0.14562683500000007,
            "min": 0.14562683500000007,
            "max": 0.15745272500000002,
            "count": 80
        },
        "RaceAgent.Policy.Epsilon.sum": {
            "value": 0.29125367000000013,
            "min": 0.29125367000000013,
            "max": 0.47196324,
            "count": 80
        },
        "RaceAgent.Policy.Beta.mean": {
            "value": 0.0045681208165,
            "min": 0.0045681208165,
            "max": 0.0057495272275,
            "count": 80
        },
        "RaceAgent.Policy.Beta.sum": {
            "value": 0.009136241633,
            "min": 0.009136241633,
            "max": 0.017209127676,
            "count": 80
        },
        "RaceAgent.Losses.CuriosityForwardLoss.mean": {
            "value": 0.14007449572285016,
            "min": 0.13857946122686068,
            "max": 0.1676008552312851,
            "count": 80
        },
        "RaceAgent.Losses.CuriosityForwardLoss.sum": {
            "value": 0.2801489914457003,
            "min": 0.2801489914457003,
            "max": 0.5023172304034232,
            "count": 80
        },
        "RaceAgent.Losses.CuriosityInverseLoss.mean": {
            "value": 2.2435171286265057,
            "min": 2.097314715385437,
            "max": 2.2971707105636594,
            "count": 80
        },
        "RaceAgent.Losses.CuriosityInverseLoss.sum": {
            "value": 4.487034257253011,
            "min": 4.26467301050822,
            "max": 6.891512131690979,
            "count": 80
        },
        "RaceAgent.IsTraining.mean": {
            "value": 1.0,
            "min": 1.0,
            "max": 1.0,
            "count": 80
        },
        "RaceAgent.IsTraining.sum": {
            "value": 1.0,
            "min": 1.0,
            "max": 1.0,
            "count": 80
        }
    },
    "metadata": {
        "timer_format_version": "0.1.0",
        "start_time_seconds": "1654097459",
        "python_version": "3.8.10 (tags/v3.8.10:3d8993a, May  3 2021, 11:48:03) [MSC v.1928 64 bit (AMD64)]",
        "command_line_arguments": "C:\\Users\\Wessel\\Documents\\School\\Personal Portofolio\\AI\\ML_Agents_Testground\\venv\\Scripts\\mlagents-learn config/RaceAgentV2.yaml --run-id=RaceAgentV7 --resume",
        "mlagents_version": "0.28.0",
        "mlagents_envs_version": "0.28.0",
        "communication_protocol_version": "1.5.0",
        "pytorch_version": "1.7.1+cu110",
        "numpy_version": "1.22.2",
        "end_time_seconds": "1654099491"
    },
    "total": 2031.9565584,
    "count": 1,
    "self": 0.004171900000073947,
    "children": {
        "run_training.setup": {
            "total": 0.06745800000000002,
            "count": 1,
            "self": 0.06745800000000002
        },
        "TrainerController.start_learning": {
            "total": 2031.8849285,
            "count": 1,
            "self": 2.801243400028625,
            "children": {
                "TrainerController._reset_env": {
                    "total": 19.58925,
                    "count": 1,
                    "self": 19.58925
                },
                "TrainerController.advance": {
                    "total": 2009.428900299971,
                    "count": 240944,
                    "self": 2.5656489998602865,
                    "children": {
                        "env_step": {
                            "total": 1439.5854582000632,
                            "count": 240944,
                            "self": 969.8938255000257,