{
    "name": "root",
    "gauges": {
        "RaceAgent.Policy.Entropy.mean": {
            "value": 1.82808518409729,
            "min": 1.7083024978637695,
            "max": 1.8846808671951294,
            "count": 104
        },
        "RaceAgent.Policy.Entropy.sum": {
            "value": 55226.453125,
            "min": 34917.703125,
            "max": 57182.5,
            "count": 104
        },
        "RaceAgent.Environment.EpisodeLength.mean": {
            "value": 4157.5,
            "min": 16.356589147286822,
            "max": 6938.5,
            "count": 104
        },
        "RaceAgent.Environment.EpisodeLength.sum": {
            "value": 16630.0,
            "min": 11010.0,
            "max": 49699.0,
            "count": 104
        },
        "RaceAgent.Step.mean": {
            "value": 14009977.0,
            "min": 10919921.0,
            "max": 14009977.0,
            "count": 104
        },
        "RaceAgent.Step.sum": {
            "value": 14009977.0,
            "min": 10919921.0,
            "max": 14009977.0,
            "count": 104
        },
        "RaceAgent.Policy.ExtrinsicValueEstimate.mean": {
            "value": 0.924903154373169,
            "min": 0.6939675211906433,
            "max": 0.9262709617614746,
            "count": 104
        },
        "RaceAgent.Policy.ExtrinsicValueEstimate.sum": {
            "value": 218.2771453857422,
            "min": 176.22088623046875,
            "max": 821.9295654296875,
            "count": 104
        },
        "RaceAgent.Policy.CuriosityValueEstimate.mean": {
            "value": 0.0037707670126110315,
            "min": 0.0010155923664569855,
            "max": 0.029141070321202278,
            "count": 104
        },
        "RaceAgent.Policy.CuriosityValueEstimate.sum": {
            "value": 0.8899010419845581,
            "min": 0.2457733452320099,
            "max": 10.118049621582031,
            "count": 104
        },
        "RaceAgent.Environment.CumulativeReward.mean": {
            "value": 38.66685354709625,
            "min": 0.04734287538038668,
            "max": 63.61411897838116,
            "count": 104
        },
        "RaceAgent.Environment.CumulativeReward.sum": {
            "value": 154.667414188385,
            "min": 48.85784739255905,
            "max": 451.7392614632845,
            "count": 104
        },
        "RaceAgent.Policy.ExtrinsicReward.mean": {
            "value": 38.66685354709625,
            "min": 0.04734287538038668,
            "max": 63.61411897838116,
            "count": 104
        },
        "RaceAgent.Policy.ExtrinsicReward.sum": {
            "value": 154.667414188385,
            "min": 48.85784739255905,
            "max": 451.7392614632845,
            "count": 104
        },
        "RaceAgent.Policy.CuriosityReward.mean": {
            "value": 2.3881323682144284,
            "min": 0.03844184799267831,
            "max": 4.1967498800950125,
            "count": 104
        },
        "RaceAgent.Policy.CuriosityReward.sum": {
            "value": 9.552529472857714,
            "min": 6.6023181434720755,
            "max": 39.671987128444016,
            "count": 104
        },
        "RaceAgent.Losses.PolicyLoss.mean": {
            "value": 0.02264266340918968,
            "min": 0.019622638311961458,
            "max": 0.028414642598040194,
            "count": 104
        },
        "RaceAgent.Losses.PolicyLoss.sum": {
            "value": 0.06792799022756904,
            "min": 0.02608108986217606,
            "max": 0.08524392779412059,
            "count": 104
        },
        "RaceAgent.Losses.ValueLoss.mean": {
            "value": 0.0013453896817130348,
            "min": 0.001253492985981413,
            "max": 0.03551557175039003,
            "count": 104
        },
        "RaceAgent.Losses.ValueLoss.sum": {
            "value": 0.004036169045139104,
            "min": 0.0031084948083541044,
            "max": 0.04522364443788926,
            "count": 104
        },
        "RaceAgent.Policy.LearningRate.mean": {
            "value": 3.0032558300844998e-05,
            "min": 3.0032558300844998e-05,
            "max": 4.5447859552195e-05,
            "count": 104
        },
        "RaceAgent.Policy.LearningRate.sum": {
            "value": 9.0097674902535e-05,
            "min": 4.5447859552195e-05,
            "max": 0.00013603469396547,
            "count": 104
        },
        "RaceAgent.Policy.Epsilon.mean": {
            "value": 0.13003248833333333,
            "min": 0.13003248833333333,
            "max": 0.14544780499999999,
            "count": 104
        },
        "RaceAgent.Policy.Epsilon.sum": {
            "value": 0.390097465,
            "min": 0.14544780499999999,
            "max": 0.43603453000000014,
            "count": 104
        },
        "RaceAgent.Policy.Beta.mean": {
            "value": 0.0030102455845000004,
            "min": 0.0030102455845000004,
            "max": 0.004550235719499999,
            "count": 104
        },
        "RaceAgent.Policy.Beta.sum": {
            "value": 0.009030736753500001,
            "min": 0.004550235719499999,
            "max": 0.013619849547000004,
            "count": 104
        },
        "RaceAgent.Losses.CuriosityForwardLoss.mean": {
            "value": 0.11536196768283845,
            "min": 0.07709610996146997,
            "max": 0.20705144620603985,
            "count": 104
        },
        "RaceAgent.Losses.CuriosityForwardLoss.sum": {
            "value": 0.34608590304851533,
            "min": 0.07709610996146997,
            "max": 0.6211543386181195,
            "count": 104
        },
        "RaceAgent.Losses.CuriosityInverseLoss.mean": {
            "value": 2.3806535058551366,
            "min": 2.2561737193001643,
            "max": 2.4425262212753296,
            "count": 104
        },
        "RaceAgent.Losses.CuriosityInverseLoss.sum": {
            "value": 7.141960517565409,
            "min": 2.4112411816914876,
            "max": 7.327578663825989,
            "count": 104
        },
        "RaceAgent.IsTraining.mean": {
            "value": 1.0,
            "min": 1.0,
            "max": 1.0,
            "count": 104
        },
        "RaceAgent.IsTraining.sum": {
            "value": 1.0,
            "min": 1.0,
            "max": 1.0,
            "count": 104
        }
    },
    "metadata": {
        "timer_format_version": "0.1.0",
        "start_time_seconds": "1654099745",
        "python_version": "3.8.10 (tags/v3.8.10:3d8993a, May  3 2021, 11:48:03) [MSC v.1928 64 bit (AMD64)]",
        "command_line_arguments": "C:\\Users\\Wessel\\Documents\\School\\Personal Portofolio\\AI\\ML_Agents_Testground\\venv\\Scripts\\mlagents-learn config/RaceAgentV2.yaml --run-id=RaceAgentV7 --resume",
        "mlagents_version": "0.28.0",
        "mlagents_envs_version": "0.28.0",
        "communication_protocol_version": "1.5.0",
        "pytorch_version": "1.7.1+cu110",
        "numpy_version": "1.22.2",
        "end_time_seconds": "1654102526"
    },
    "total": 2781.1855553,
    "count": 1,
    "self": 0.004313700000238896,
    "children": {
        "run_training.setup": {
            "total": 0.06631100000000001,
            "count": 1,
            "self": 0.06631100000000001
        },
        "TrainerController.start_learning": {
            "total": 2781.1149305999998,
            "count": 1,
            "self": 3.4718464999959906,
            "children": {
                "TrainerController._reset_env": {
                    "total": 6.596476900000001,
                    "count": 1,
                    "self": 6.596476900000001
                },
                "TrainerController.advance": {
                    "total": 2770.983351600003,
                    "count": 314262,
                    "self": 3.3278599999525795,
                    "children": {
                        "env_step": {
                            "total": 2029.3166587000248,