{
    "name": "root",
    "gauges": {
        "RaceAgent.Policy.Entropy.mean": {
            "value": 1.1122777462005615,
            "min": 1.1122777462005615,
            "max": 1.42479407787323,
            "count": 11
        },
        "RaceAgent.Policy.Entropy.sum": {
            "value": 55725.1171875,
            "min": 39281.57421875,
            "max": 67110.296875,
            "count": 11
        },
        "RaceAgent.Step.mean": {
            "value": 2199944.0,
            "min": 1699989.0,
            "max": 2199944.0,
            "count": 11
        },
        "RaceAgent.Step.sum": {
            "value": 2199944.0,
            "min": 1699989.0,
            "max": 2199944.0,
            "count": 11
        },
        "RaceAgent.Policy.ExtrinsicValueEstimate.mean": {
            "value": 0.11062419414520264,
            "min": 0.049763068556785583,
            "max": 0.11062419414520264,
            "count": 11
        },
        "RaceAgent.Policy.ExtrinsicValueEstimate.sum": {
            "value": 95.91117858886719,
            "min": 22.19432830810547,
            "max": 95.91117858886719,
            "count": 11
        },
        "RaceAgent.Environment.EpisodeLength.mean": {
            "value": 259.60732984293196,
            "min": 259.60732984293196,
            "max": 625.7560975609756,
            "count": 11
        },
        "RaceAgent.Environment.EpisodeLength.sum": {
            "value": 49585.0,
            "min": 25656.0,
            "max": 51065.0,
            "count": 11
        },
        "RaceAgent.Environment.CumulativeReward.mean": {
            "value": 0.5087260112254174,
            "min": 0.470486123021692,
            "max": 0.526011570383703,
            "count": 11
        },
        "RaceAgent.Environment.CumulativeReward.sum": {
            "value": 97.16666814405471,
            "min": 18.81944492086768,
            "max": 97.16666814405471,
            "count": 11
        },
        "RaceAgent.Policy.ExtrinsicReward.mean": {
            "value": 0.5087260112254174,
            "min": 0.470486123021692,
            "max": 0.526011570383703,
            "count": 11
        },
        "RaceAgent.Policy.ExtrinsicReward.sum": {
            "value": 97.16666814405471,
            "min": 18.81944492086768,
            "max": 97.16666814405471,
            "count": 11
        },
        "RaceAgent.Losses.PolicyLoss.mean": {
            "value": 0.04833701619218724,
            "min": 0.04526051657029408,
            "max": 0.052054722014945584,
            "count": 11
        },
        "RaceAgent.Losses.PolicyLoss.sum": {
            "value": 0.24168508096093622,
            "min": 0.09893109914131248,
            "max": 0.26027361007472793,
            "count": 11
        },
        "RaceAgent.Losses.ValueLoss.mean": {
            "value": 0.00010653577105282845,
            "min": 0.00010003308594605187,
            "max": 0.0002564209333589436,
            "count": 11
        },
        "RaceAgent.Losses.ValueLoss.sum": {
            "value": 0.0005326788552641422,
            "min": 0.0004233937050230452,
            "max": 0.0008837710074658389,
            "count": 11
        },
        "RaceAgent.Policy.LearningRate.mean": {
            "value": 0.00026736099187967303,
            "min": 0.00026736099187967303,
            "max": 0.00027467758594080746,
            "count": 11
        },
        "RaceAgent.Policy.LearningRate.sum": {
            "value": 0.001336804959398365,
            "min": 0.0005493551718816149,
            "max": 0.0013706957231014397,
            "count": 11
        },
        "RaceAgent.Policy.Epsilon.mean": {
            "value": 0.18912032700000003,
            "min": 0.18912032700000003,
            "max": 0.19155919249999998,
            "count": 11
        },
        "RaceAgent.Policy.Epsilon.sum": {
            "value": 0.9456016350000002,
            "min": 0.38311838499999995,
            "max": 0.9568985600000003,
            "count": 11
        },
        "RaceAgent.Policy.Beta.mean": {
            "value": 0.0005000000000000002,
            "min": 0.0005000000000000002,
            "max": 0.0005000000000000002,
            "count": 11
        },
        "RaceAgent.Policy.Beta.sum": {
            "value": 0.0025000000000000014,
            "min": 0.0010000000000000005,
            "max": 0.0025000000000000014,
            "count": 11
        },
        "RaceAgent.IsTraining.mean": {
            "value": 1.0,
            "min": 1.0,
            "max": 1.0,
            "count": 11
        },
        "RaceAgent.IsTraining.sum": {
            "value": 1.0,
            "min": 1.0,
            "max": 1.0,
            "count": 11
        }
    },
    "metadata": {
        "timer_format_version": "0.1.0",
        "start_time_seconds": "1654032672",
        "python_version": "3.8.10 (tags/v3.8.10:3d8993a, May  3 2021, 11:48:03) [MSC v.1928 64 bit (AMD64)]",
        "command_line_arguments": "C:\\Users\\Wessel\\Documents\\School\\Personal Portofolio\\AI\\ML_Agents_Testground\\venv\\Scripts\\mlagents-learn config/RaceAgent.yaml --run-id=RaceAgentV5 --resume",
        "mlagents_version": "0.28.0",
        "mlagents_envs_version": "0.28.0",
        "communication_protocol_version": "1.5.0",
        "pytorch_version": "1.7.1+cu110",
        "numpy_version": "1.22.2",
        "end_time_seconds": "1654033199"
    },
    "total": 527.3695863,
    "count": 1,
    "self": 0.003628400000025067,
    "children": {
        "run_training.setup": {
            "total": 0.06797979999999992,
            "count": 1,
            "self": 0.06797979999999992
        },
        "TrainerController.start_learning": {
            "total": 527.2979781,
            "count": 1,
            "self": 0.6542434999968236,
            "children": {
                "TrainerController._reset_env": {
                    "total": 4.3425549,
                    "count": 1,
                    "self": 4.3425549
                },
                "TrainerController.advance": {
                    "total": 522.2511790000033,
                    "count": 53970,
                    "self": 0.6396629999967445,
                    "children": {
                        "env_step": {
                            "total": 383.24478140000116,
                            "count": 53970,
                            "self": 275.8574744999945,
                            "children": {
                                "SubprocessEnvManager._take_step": {
                                    "total": 106.97036650000538,
                                    "count": 53971,
                                    "self": 2.0396686000092643,
                                    "children": {
                                        "TorchPolicy.evaluate": {
                                            "total": 104.93069789999612,
                                            "count": 53260,
                                            "self": 42.18195500000185,
                                            "children": {
                                                "TorchPolicy.sample_actions": {
                                                    "total": 62.74874289999427,
                                                    "count": 53260,
                                                    "self": 62.74874289999427
                                                }
                                            }
                                        }
                                    }
                                },
                                "workers": {
                                    "total": 0.4169404000013017,
                                    "count": 53969,
                                    "self": 0.0,
                                    "children": {
                                        "worker_root": {
                                            "total": 450.00991490000104,